city_ascii,GEOprob,BIOprob,x,y,bio_x,bio_y
Vaduz,0.7077112857091679,0.8606749118496774,1059394.1980323463,5963924.685910614,0.8526940052653869,0.5861332682277314
Klaipeda,0.14796125008238212,0.45696750155441657,2351056.513604858,7502955.365876916,0.36163977573409856,-0.44836900713970973
Vilnius,0.25676791859222525,0.4071730740514571,2818231.0206169887,7300661.381083198,0.9226015977218749,-0.47967916117695
Siauliai,0.19201240811907772,0.40504424942359596,2596527.122753106,7546202.349830315,0.5108635313976251,-0.5323757057748209
Kaunas,0.22326060044230425,0.41285887840603713,2658309.440143372,7352245.7089611525,0.7477652287028116,-0.4609812704710139
Panevezys,0.2166392943777894,0.38631700269515545,2712855.990632078,7506830.163816889,0.6398410953637113,-0.5451414223490918
Diekirch,0.4245104026586909,0.7778308830313536,686473.9038748804,6426089.932192703,0.11229362048143354,0.4752907894464906
Grevenmacher,0.44362658017268364,0.7824680765320927,705019.7310410405,6394482.317900557,0.15750679444215265,0.4846988458631891
Luxembourg,0.4508166856610117,0.7846785621126875,682388.478562767,6379298.722272802,0.15464497782606923,0.49750190781903525
Daugavpils,0.2541891913852654,0.3508858644952393,2951079.7009296827,7534564.044063807,0.7985136520732059,-0.6202367040264436
Ventspils,0.14261693568343695,0.47372554411817913,2400115.013197456,7840231.952266772,0.07164963712141681,-0.6136197646323547
Riga,0.1983654549827863,0.391194993367393,2682799.728117893,7749905.9659611825,0.37986457675520047,-0.6470580924978799
Liepaga,0.13450362876445268,0.467356220163167,2338822.501566677,7660619.4466461865,0.198672556746466,-0.5163813415698897
Jelgava,0.19217241279040892,0.39744796870653154,2639696.8212827384,7689462.376160315,0.4050932230725808,-0.6084320142440536
Rezekne,0.2609258400411839,0.3261670893141897,3040870.002203536,7658602.2929882975,0.747783469083898,-0.6998537892719252
Monaco,0.8895901342838328,0.9515005003012358,824532.3363566984,5425232.718554642,1.1938859647164417,0.8911731595087686
Balti,0.5966585885379625,0.8779719920136412,3106403.786433538,6066870.822390789,2.3478687029889604,0.002006278411397222
Cahul,0.6751930908699909,0.914038951073552,3138586.251221872,5765602.394446149,2.666133086395307,0.12965330280409404
Chisinau,0.6173684256299774,0.8995017380538705,3212424.4694650513,5942890.237883396,2.55115006179625,0.03017008832006418
Tiraspol,0.6089247294137734,0.9001258207779573,3299509.707112627,5918129.129727772,2.6431173740748473,0.018484214931381082
Dubasari,0.6008439599582615,0.8940596512432445,3246165.407124492,5985124.924754398,2.5363452612050157,0.0022287620351200133
Podgorica,0.8990521774019472,0.9718088964851299,2144714.705470446,5231041.611723426,2.41176278121101,0.632171000565521
Skopje,0.8813408377740678,0.9410709632193978,2385966.305917628,5160979.444049783,2.667966443765682,0.6004602760113489
Bitola,0.8774917081913401,0.9156367921200446,2375502.2737830617,5018110.616673192,2.798845548055338,0.6677501379114159
Tetovo,0.8862717841876054,0.9471636790796188,2334380.853884027,5162357.659070327,2.626421569366701,0.6133859138356836
Maastricht,0.32945250328639547,0.7542120396617307,631960.7492334138,6595332.201458038,-0.09489172073446639,0.41315202817407215
Amsterdam,0.20324874736394086,0.7167693021072689,547313.4084342078,6863659.039714891,-0.4219876750297855,0.31416573317411967
The Hague,0.22249462406787612,0.7185572532683951,475334.22568727686,6814603.426035637,-0.43034638251191115,0.35523122408589325
Haarlem,0.20105079793010128,0.7139747252424723,515409.2423728557,6869201.07560679,-0.452245805597304,0.32004131118532664
Groningen,0.13945942845772105,0.7050291827975627,732482.2494197398,7023870.467125853,-0.43358594039969756,0.19315731479608234
Middelburg,0.26365138706358826,0.7274296139651373,401863.36176371813,6710576.735641695,-0.38637194521691764,0.42152191066592115
Arnhem,0.2312052495348051,0.7291645330145967,659345.3439685586,6797955.991249009,-0.2707348037688124,0.3144236329025545
Assen,0.15418651101382766,0.7093048323486542,729142.6646959418,6982997.920389787,-0.39641311607860796,0.21249876573562965
's-Hertogenbosch,0.25561239797430374,0.7342912802685767,591852.3367005981,6743063.357513758,-0.2699168049123388,0.3569477871831044
Zwolle,0.1892889812421573,0.7180929130353892,678714.9353665886,6895431.61657986,-0.3504983806484274,0.2653014189320202
Utrecht,0.2220220894570983,0.7238370868803738,569955.792861562,6818281.337889219,-0.36018129669203436,0.3287185791594087
Leeuwarden,0.14054065482786637,0.7012623874815571,643805.143053819,7029450.123692404,-0.508127253404397,0.21392657677698335
Rotterdam,0.23495017205007318,0.7241903832016882,498711.3187538657,6785673.333785048,-0.38397357180109015,0.3621608286133915
Eindhoven,0.27743138220542396,0.7406258203373575,612257.1993630035,6697711.123236825,-0.20987904606064323,0.37207678427477786
Vossavangen,0.10616248194856458,0.44814298858904084,717008.840199474,8541356.190229671,-1.9224030517707682,-0.48830962171494274
Oslo,0.008709270343749093,0.6194340820315616,1196684.5260276902,8381215.3676753575,-1.39272011699952,-0.5419459246812472
Lillehammer,0.095173255610303,0.5698414296863847,1168854.653329373,8656495.30109446,-1.682301276886144,-0.6589956848254328
Baerum,0.04941747659043211,0.6326071040829516,1263164.5259294342,8380504.745981934,-1.3402167001530163,-0.5590850112801737
Stavanger,0.06403815395529053,0.5071044788160387,632294.7077057943,8173905.558045134,-1.6308372940418865,-0.3000631154454503
Leikanger,0.122129101306023,0.4336974714480811,762538.5119339245,8668033.60122272,-2.0101965382070413,-0.5574944774852284
Kristiansand,0.021471357986728935,0.6083695166841376,890555.9263461898,8002396.723285847,-1.262653083159905,-0.2904122198947454
Bergen,0.11159606763028536,0.41717518302812623,592720.6287287859,8487308.98087694,-1.966671709920674,-0.4312508650056457
Skien,0.032996333992649965,0.6133315234561988,1068667.111615425,8223740.701207093,-1.3392436117238065,-0.4371839338589374
Arendal,0.02088735810620594,0.6161424191593977,975826.656293836,8065597.929270066,-1.2577014096242145,-0.3413588972872912
Hamar,0.08176320633269522,0.5992490859980969,1232195.4435907442,8584609.14059896,-1.562979184723118,-0.6431564369083214
Tonsberg,0.03152512334304604,0.6290981164505437,1160060.4135567036,8237667.527729335,-1.2815683503044095,-0.46747870875976183
Drammen,0.04671505558111981,0.6107623076463209,1134423.5348270126,8345878.403312952,-1.4068553054742283,-0.5096302511882929
Haugesund,0.08138436155186218,0.4694247932742265,587488.6126615001,8269951.931427885,-1.7592259561841024,-0.3316847436778394
Alesund,0.179680670770269,0.33891238547245683,711108.9071874304,8989639.802622322,-2.3632533025677747,-0.6892741675494802
Sandnes,0.06081697295541,0.5136421726235585,633407.9026137269,8147046.657701346,-1.603831682937555,-0.2882218557355758
Gjovik,0.08168898351859517,0.5892888810738953,1191118.551488027,8580044.128124397,-1.5905503889629449,-0.6303058575071416
Moss,0.03573857849434555,0.6299493406162897,1187689.9111715932,8275444.877846608,-1.2967984583900813,-0.49180132285788414
Lodz,0.29990279326257235,0.6013874871959062,2165319.9432162815,6759544.366055233,0.9403425883404752,-0.06374851859322872
Lublin,0.3772594446903727,0.6254721539132883,2512781.4698293274,6665706.678845235,1.3024594484051137,-0.11261321286695436
Wroclaw,0.3260017800296737,0.6548495440689139,1895770.9282094496,6640845.487108363,0.8457799139228781,0.060667786569310156
Bialystok,0.27533431598652086,0.5009041915758666,2579272.60168015,7010866.449434419,1.0183840034479923,-0.2860036890147333
Poznan,0.2210761266388976,0.6024814104564963,1881288.2624572443,6873834.51902556,0.607756887431063,-0.04078234489392596
Zielona Gora,0.2425903377449269,0.6380142496565492,1725452.1072957406,6791162.102031016,0.5667579492699995,0.037493634666665
Bydgoszcz,0.18862591530299838,0.5620844881487623,2004864.029186857,7005299.788313133,0.5761300666431035,-0.13262793514540094
Szczecin,0.1285940667868922,0.6195538671095361,1617472.2012262663,7061142.311739657,0.21986852525323375,-0.05611158131891303
Gdansk,0.1369448858481166,0.5228481689816944,2074995.3083866208,7238632.960098687,0.4037168797759838,-0.25645629274679216
Olsztyn,0.19585014377354304,0.5006424672979415,2279823.1714462424,7132369.312295495,0.6667631947035195,-0.2622466159216197
Katowice,0.4169854319001975,0.6909416537223811,2117296.714888062,6491495.262170752,1.1637700979456564,0.06995651958693028
Rzeszow,0.4575090543365297,0.7064110577275833,2449028.797452019,6458494.162864023,1.4544242671525582,-0.0022602347002402823
Krakow,0.4419038784688785,0.7027377774847049,2221937.036233741,6456673.275328225,1.2792099978089606,0.05820507632371452
Opole,0.37076721679296226,0.6703651843457666,1996103.185261427,6565761.886425996,0.9970433076538727,0.06823616127810572
Kielce,0.3816099651907926,0.6489618514688548,2299860.6797890305,6601929.60198324,1.1985828104668341,-0.027880744214417774
Gdynia,0.1286189308125439,0.5233498529668845,2062750.1643993584,7269336.430500093,0.364294085138714,-0.2671106912306005
Grudziadz,0.1801541661845966,0.5390661224756446,2087240.45237388,7072358.036243138,0.575072510254147,-0.18455689586812074
Inowroclaw,0.21339508162115003,0.569538461787036,2031580.706977244,6942388.698952246,0.6581745941274084,-0.11122436499358646
Gliwice,0.40797934350020815,0.687571455300488,2078334.8931104185,6503693.141553285,1.1215343046863673,0.0746788932145841
Bytom,0.40832527992328643,0.6857695521560797,2105051.5709008025,6507111.76723892,1.1390293478681643,0.06611772382829262
Warsaw,0.2899007544682642,0.5646798575201439,2337709.306658744,6845455.502518217,0.9910906435045481,-0.14783509016147356
Elblag,0.15822385693391972,0.5098960718513247,2159898.6840146496,7206222.456153219,0.5014278283712637,-0.2641134801850349
Elk,0.23030892614877357,0.4735733953745561,2487990.6192296655,7138723.764149788,0.8228167194194516,-0.3197897580751916
Koszalin,0.10434308727249789,0.5778255359157363,1801516.7153547846,7208125.260900677,0.22026744187434932,-0.17084868673571796
Setubal,0.10924802859289102,0.6070551098342467,-990743.4680601356,4654569.97589773,0.5291110452311534,1.7160821687942547
Evora,0.1356149530822878,0.6455751530061747,-880091.8942116209,4658839.8949732,0.6111931623690916,1.6850920078620726
Santarem,0.10968371551095327,0.6169199968767471,-966475.8190672,4754814.562731371,0.45047017458444216,1.6644226527814525
Porto,0.0022921479410035394,0.6173497594038572,-959574.010638018,5034491.86907103,0.18367815414821642,1.5362645328230893
Vila Real,0.13837959236405722,0.6502823655934596,-861278.9002675572,5055803.792245206,0.2395455233249857,1.5008208373223724
Aveiro,0.10703898238539157,0.6175410540471888,-963024.9148526104,4959532.588588966,0.2539360965195412,1.5710340517825172
Guarda,0.1543415922772003,0.6700414663270151,-808402.1421407529,4944873.198639252,0.3887088802030716,1.537046821900668
Viseu,0.13055825539039959,0.6458007782466417,-880537.172174793,4961880.127634763,0.31593922894403637,1.548309200840904
Braganca,0.18069694918247045,0.6833507618246756,-751963.1603085644,5132262.02403087,0.2503357022645636,1.4375701291878542
Viana Do Castelo,0.10397741953227052,0.6063871018140639,-984520.7085247894,5115579.752987804,0.08532413309238951,1.506184653696212
Braga,0.11601267922722353,0.6233758273230732,-937454.8278173959,5094551.935549667,0.1424688578805915,1.5033228169176267
Beja,0.14080279615717886,0.6455471982692161,-875305.15610751,4581403.7321533635,0.6902816005142798,1.7188169589492712
Castelo Branco,0.14526509049905434,0.6626187464027807,-833560.3470600322,4838515.205288517,0.4726050150899317,1.5917019891147888
Portalegre,0.14840260538631367,0.6648766015652586,-826324.5801584698,4763297.125604976,0.5514435771156103,1.6237817056492596
Coimbra,0.11406644735164415,0.6272815638839051,-936942.7581597446,4895106.738753861,0.33696020914527924,1.5932885703870907
Leiria,0.10418522110132408,0.6124165937009964,-980168.1164347724,4828086.642903768,0.3684934201386456,1.6349177743663454
Covilha,0.1448596063799818,0.6617644595200516,-834896.1809495508,4907196.471655306,0.40472599722046443,1.5610257654717266
Drobeta-Turnu Severin,0.8134372719508175,0.9510375822925079,2523156.446371261,5565946.89011197,2.380788503495107,0.38148323910258597
Braila,0.7021442437768205,0.9152668218880127,3113494.8379970687,5667608.648196123,2.741941517947875,0.18051234274897343
Oradea,0.6867080314268429,0.8862399370486825,2440123.2381885583,5950239.167201476,1.9420975106880336,0.2296851176814032
Timisoara,0.7719039866945506,0.932889632115066,2362578.080901964,5741780.642586727,2.0845255821747557,0.3442234036752696
Resita,0.7919462984116387,0.9440549900854693,2436394.035246984,5668399.873191275,2.2134660954857557,0.3579866812055137
Calarasi,0.7482359227552771,0.9096562838478511,3041905.2734679137,5497423.285195743,2.851765197650009,0.2761964007151345
Arad,0.7469417436802184,0.91982378662699,2373331.5437125918,5807633.816672968,2.0288206700796088,0.3116496855306319
Alexandria,0.798495213478319,0.9287613143305081,2814902.5678422716,5450227.1626262935,2.7207777386479983,0.3571367837735835
Slobozia,0.7375149600256661,0.9145340969725101,3048150.296901416,5554078.914841605,2.8014972777345286,0.24896179694433762
Baia Mare,0.6391095441384076,0.8641669122264691,2624813.405363678,6050393.559140931,1.9885713438759907,0.13593344583818734
Tulcea,0.6860646570707634,0.9069639898317992,3205633.9805266606,5652951.951943522,2.828014424220861,0.1629344141672764
Ploiesti,0.7533582185742546,0.9295607459148989,2898369.922039069,5613165.8480390515,2.6272633189469166,0.26160689617727373
Piatra-Neamt,0.659006323115912,0.9013527668851385,2936942.1255989363,5932286.038368704,2.34676967279751,0.10731246036785524
Suceava,0.6221476474994995,0.8767902427992174,2923171.904587808,6046791.284760731,2.224605683167861,0.05920078399973949
Botosani,0.6118310912991501,0.8738584110570987,2967744.2287014364,6065099.163857643,2.2415270678157806,0.0392237743007966
Constanta,0.716671300099111,0.8926392223294214,3184850.631595557,5496864.24648953,2.963715158570961,0.23890619741847585
Buzau,0.7312122635596786,0.924096985621412,2984085.9299498894,5646192.948578212,2.6619262836229227,0.22417455668794828
Galati,0.6948588309131211,0.9152639786314571,3122055.3068390717,5693581.443166453,2.7233374986806242,0.16653072222407683
Vaslui,0.6536059911070663,0.9080242317844752,3087256.8340170938,5882423.359279926,2.5124433865982216,0.09035992810054871
Sfintu-Gheorghe,0.7202239037931837,0.9250220337451076,2871263.6260309056,5759221.301380514,2.464002295554149,0.20274482331306176
Bacau,0.6694925416355006,0.9102739407165763,2996676.164358607,5873527.6936504925,2.4505053294616355,0.11816842664322369
Focsani,0.7035099593035748,0.9206898591238958,3026387.3364513307,5731861.750010906,2.6115247905097267,0.1743633822085071
Bucharest,0.7686473896656772,0.9262873620354849,2905427.57775536,5532758.638899501,2.7110129260214437,0.29607760329243726
Brasov,0.7329393777637814,0.9284854030058144,2850580.464641516,5724039.674281427,2.482120045682174,0.2240704426948339
Pitesti,0.7764243568169535,0.9376620871161061,2769161.389075316,5598927.160422473,2.5404198616295064,0.30197423755633324
Tirgu Mures,0.7007174488565365,0.9109819175292018,2733761.791003054,5870256.874113457,2.2487833582133434,0.18869709706059812
Deva,0.7531096933446806,0.9294641755832237,2551075.374662213,5761667.644910443,2.21207962243398,0.2857329843444405
Cluj-Napoca,0.6953462358602551,0.9017559031386346,2626961.8715359857,5907603.70140925,2.1292032775005656,0.19987512312599742
Rimnicu Vilcea,0.7737823152744422,0.9390705998314992,2714303.1440123883,5638855.390228304,2.4588089359555236,0.2983442940171135
Sibiu,0.7455994767124337,0.9301869316301907,2686929.6812263243,5747893.7575963475,2.3313632736080985,0.25627501991357793
Targu Jiu,0.7903848057426706,0.9444724570421461,2590849.8287226483,5628608.599401757,2.372566108553814,0.3353967449565647
Alba Lulia,0.7367438545868609,0.9242351607460785,2624913.592905392,5792697.121938832,2.2394295193618308,0.2523226280301851
Giurgiu,0.7871003829188098,0.9229270958497818,2876495.642098188,5454615.904643764,2.7645099787189285,0.3389775251471052
Zalau,0.6738082804787728,0.8845870969461342,2567361.416165268,5970685.453068063,2.021364359884924,0.18703095486170263
Craiova,0.8104317688165202,0.9451976743865697,2652287.0556914555,5516077.49903963,2.529958704919265,0.3700974689364438
Targoviste,0.7639093532285658,0.9336745869173122,2834082.916105953,5611766.13040731,2.5785227340595513,0.2791233762845642
Bistrita,0.6671881194684857,0.8908210907776768,2728774.6778155155,5964628.346472435,2.1530579748523357,0.14737417157757937
Satu Mare,0.6320210125386103,0.8541717721627685,2547546.546804066,6072320.542131858,1.9070141454798795,0.1463209772781311
Slatina,0.7989041732612514,0.9412950065352108,2712967.310122869,5533008.075154225,2.5607743071378466,0.34651212211108806
Miercurea Cuic,0.7002013696910561,0.9163362033466967,2841318.683007515,5838389.656998705,2.3636208509103653,0.1748448240182645
Iasi,0.6308268800488237,0.89599330126914,3069623.8266754393,5969588.31287449,2.4138753985277224,0.05561385977696798
Belgrade,0.8250572231809391,0.9558657099721063,2278487.337556724,5593008.833332991,2.1637675074062725,0.43351706796996137
Nis,0.8613819396518891,0.9564155965934855,2437896.848372692,5362398.078933167,2.5124263056608935,0.4958296387130843
Subotica,0.760171135156687,0.9208064342345306,2190767.578811624,5791573.873988144,1.9021664855774647,0.3668529017258222
Zrenjanin,0.7977140032710024,0.9434073615306785,2270861.9524373855,5681322.539043898,2.071881141403793,0.3956236731621674
Kragujevac,0.8526920126433603,0.9638940346538714,2328803.7473952826,5468537.751217268,2.324112504472276,0.476532469987871
Novi Sad,0.8076147056880718,0.9468781686411448,2209680.760297401,5661028.358862188,2.0439484561766124,0.4208601076868117
Cacak,0.8617312433948195,0.9675535323309995,2263136.379776331,5448388.840330583,2.2925421021233436,0.5028815145006158
Kolpino,0.30491468492510476,0.3113051560901234,3411942.3928138358,8339869.13991309,0.37400028175505273,-1.1050764430037656
Pskov,0.2714308755481198,0.3043407156041792,3153670.042224362,7931690.30840841,0.5699367583264605,-0.8528479705129097
St. Petersburg,0.3026968490539453,0.33239940951811014,3374761.6828888827,8386169.415870248,0.29996549774239334,-1.116227762537907
Velikiy Novgorod,0.30755945465140055,0.25833613325324795,3487639.6465532593,8073093.6119444575,0.6926112196999243,-1.00444033449424
Gatchina,0.2989297004832259,0.31671915821772995,3354423.6119209514,8304772.97972987,0.363326642159163,-1.0741150341231602
Luga,0.2924095728326626,0.2905236877824929,3321662.285780489,8123608.175682003,0.5140962690102651,-0.9836687006924754
Vyborg,0.29154832477606074,0.4374737111765754,3200980.8258115025,8558148.92263425,-0.0028361192208228303,-1.148278961722804
Svetogorsk,0.29679494610225393,0.46654343671077875,3219103.638912646,8649120.37118389,-0.07724177507007379,-1.194135435108917
Staraya Russa,0.30738853923714343,0.25758380798179753,3490355.8421286168,7966225.256703648,0.7987282178272137,-0.9568754602164953
Slantsy,0.27140822439060325,0.3508723279650556,3125261.308173917,8204547.12435166,0.2822625400779577,-0.9686510462599491
Velikiye Luki,0.3043222550566315,0.30921504052416926,3397470.859010708,7622384.14077795,1.0609500818094029,-0.7771486880621721
Kaliningrad,0.16096639991673298,0.4786516930927151,2281748.998636967,7303858.579707456,0.5013774602973351,-0.3402234378531155
Chernyakhovsk,0.19036130023150313,0.45475532413840003,2427978.281743012,7290692.978402868,0.6281549953599699,-0.372681051701111
Sovetsk,0.17902162242953734,0.4445344178750498,2435893.097538413,7375813.517077243,0.5514875090864138,-0.41321335229598155
Vasteraas,0.0768606920962984,0.6695541068117644,1841224.377720744,8317818.1893806,-0.8286957396246981,-0.682586036179246
Orebro,0.051908647513981346,0.6691069073878612,1694282.6498736232,8241218.695855432,-0.8686726465101327,-0.6093895328371319
Karlstad,0.039390810501270405,0.6676409151272904,1502801.9937601152,8260157.896862943,-1.036335943178087,-0.5676554794838715
Nykoping,0.0651462183402221,0.6392811332435104,1894101.135847551,8129552.127771088,-0.6042725301387497,-0.6114234149192033
Goteborg,0.002896062693729044,0.6615470593705278,1335833.889519282,7914982.684813881,-0.8305532268963614,-0.36786904893584627
Halmstad,0.0048109102421448864,0.6519475040283308,1431078.8458420068,7693331.19951603,-0.5406205404615534,-0.29275187604112674
Linkoping,0.039548218138809786,0.6483356476287451,1739912.5091497872,8053943.435685166,-0.6508615909421707,-0.5367712061161525
Jonkoping,0.015727795337358196,0.6517202714103245,1576840.5870867209,7919427.473955497,-0.6470476880569835,-0.4331742972660053
Kalmar,0.04224071888863263,0.5928948424062718,1821921.57801719,7692358.745310158,-0.23506690680078446,-0.39496235957575454
Gavle,0.11490080862809553,0.6904787933440583,1910977.170651809,8549759.100203685,-1.0000490097223276,-0.8056860292591699
Malmo,0.022990520000520858,0.641858546921475,1450860.3193559726,7475905.776754681,-0.3136137296508288,-0.19972433663830502
Vaxjo,0.020205474148755273,0.6279496835724795,1649387.4992366962,7736385.01841034,-0.4123777520359262,-0.36953757476314575
Stockholm,0.08116708443492361,0.642968846055973,2014582.2207331103,8256597.65088076,-0.6340100987526087,-0.7004595872566348
Karlskrona,0.03205149988579305,0.6075227689030376,1702742.9311739125,7598933.808367757,-0.2370325092251644,-0.32145650294458994
Falun,0.09522609507173635,0.6850920797583304,1741816.0724423502,8537498.626245383,-1.1199550273931802,-0.755719329490498
Uppsala,0.09869768734496526,0.6668880872985842,1963675.8175933454,8368656.343869781,-0.7827356615226009,-0.7377126839571151
Helsingborg,0.01134546399935768,0.6492501162614388,1413757.533074574,7568475.3530532,-0.4326152564176935,-0.23179848106800494
Bollnas,0.1283508521937798,0.6939739832321165,1821921.57801719,8707099.381687079,-1.2225728041649813,-0.8533758903204696
Trollhattan,0.010232740950177314,0.662087910643814,1369229.736757265,8023637.455975416,-0.9102644053518629,-0.4257253059203392
Sundsvall,0.17633637663378246,0.7035891903609001,1927686.22621988,8954642.413402969,-1.3810432404753827,-0.9929822584279826
Norrkoping,0.04985228084021392,0.6461877026621865,1801004.6456971362,8093446.4682299765,-0.6416916158978232,-0.5706619345997703
Vannersborg,0.011886968589565875,0.6621330875117866,1372569.3214810628,8043962.22433921,-0.9274409354545616,-0.43578420790607275
Boras,0.0063478417347006535,0.6597964603979184,1438247.8210490956,7910894.957176478,-0.7467578656354803,-0.3929200960024555
Kristianstad,0.02190987523647339,0.6275229843180636,1573311.759228574,7565127.300018266,-0.30500684473587114,-0.27219083951902645
Borlange,0.08860281867590052,0.6828735418625809,1716179.193712659,8508134.386959314,-1.1113592618025097,-0.7357207106963575
Mariestad,0.026281662313279774,0.6651490160001392,1539325.918689388,8116897.417397302,-0.8684551536556295,-0.512529466882218
Visby,0.07503639927850132,0.5736015625998289,2037146.681516907,7890759.79544973,-0.2604051638010345,-0.5411169964587579
Ljubljana,0.7815858867826295,0.9108562169716603,1615802.4088643643,5789215.516888113,1.456356562870421,0.5189254733196318
Maribor,0.7399828488237091,0.89269866880043,1742150.0309147306,5867391.859751132,1.4787487147511102,0.4504253971920149
Zilina,0.5069907094712988,0.7546128459715506,2087173.6606794032,6312239.484098357,1.3147380995894462,0.15884753412783592
Bratislava,0.5995243456246147,0.8150209076659698,1905455.7239084637,6131845.868039043,1.348666379039284,0.28806700929241735
Trnava,0.5803811135128993,0.8035222958912733,1959223.0379616148,6168062.162486567,1.3553262037451876,0.2575848491447932
Presov,0.5378410118279571,0.7747622066357003,2364359.192754654,6274810.4904366415,1.567189910589943,0.10295704727966282
Kosice,0.5596188972184092,0.7917981341892145,2365539.179357064,6229239.111125873,1.6124578291062024,0.12323420941609431
Banska Bystrica,0.5517851792603217,0.7846327726758305,2131768.2486911896,6229728.550755986,1.4297897607332501,0.18441001757689035
Zvolen,0.5647902857714433,0.7935418263540122,2129898.081245864,6204516.950431947,1.4528671699382132,0.19629064385922224
San Marino,0.9082013879514841,0.9735259862820128,1387786.6958725029,5452637.62078951,1.6061946295137517,0.7308613944133335
Isparta,0.6219904637180435,0.55065229895707,3398584.053918643,4546985.28443041,4.054675539329619,0.6118838604855008
Edirne,0.7923351932387526,0.8437013712859172,2957758.870377279,5111734.118693615,3.1615224493203367,0.4725331380210913
Manisa,0.7195139146286644,0.6692464031199455,3054606.8273674264,4668866.976158432,3.6679828758408184,0.6471644463886017
Aydin,0.687774007033443,0.616526942802894,3100247.818592668,4558257.460986448,3.8111945028328353,0.6851457630686903
Burdur,0.6267545255167664,0.5533716242536949,3371121.5355399414,4539481.965294769,4.040574281559195,0.6224861934380623
Afyon,0.6438486950803776,0.6017231183023596,3400810.443734508,4685981.31668798,3.921145197009568,0.5485070610834923
Balikesir,0.733268335891641,0.7142144413922945,3104700.5982243987,4815268.65800268,3.564551577809581,0.5678703631299542
Eskisehir,0.6638411299284429,0.6587511419818082,3398584.053918643,4836196.803919815,3.7732262006087782,0.48123128875589405
Adapazari,0.6802283210940572,0.7156494252606553,3385782.3124774145,4982886.316570544,3.620496536346741,0.4183258703746069
Izmit,0.6943495162435963,0.7258101821984762,3331859.1511371536,4979357.64757784,3.581904931895843,0.4340821837085507
Bilecik,0.6850126270350179,0.6910851835509334,3337692.2924547214,4887763.872814637,3.675586529274702,0.47392807376842727
Istanbul,0.7241987038400515,0.764269171425251,3229378.427912866,5027841.49785153,3.4548529457787316,0.43909462973304825
Denizli,0.6572357144593762,0.583424939065402,3237170.792268395,4547041.614953807,3.9288216449249376,0.6542515206655191
Tekirdag,0.7640920672239337,0.7926008742293386,3062399.191722955,5010999.508569096,3.3411059360947837,0.4905580112629746
Kutahya,0.6742403790881223,0.6526445505476479,3331792.3594426773,4782012.781276048,3.773901182161815,0.5232511341255899
Kirklareli,0.7763992859981999,0.8334395794020899,3030784.4563376657,5122559.4940693965,3.207900854447491,0.44846350056599116
Usak,0.672186384950697,0.6244744925815685,3275019.419138109,4675994.463288278,3.832827491022403,0.5860560532974852
Soke,0.6942898224689737,0.6215995230701007,3051300.638490865,4544338.093443953,3.7865928016472314,0.7042892428381622
Izmir,0.7205241031525856,0.6655047511653155,3022524.5501208063,4641216.6214273805,3.669887468787025,0.6680816109689864
Luleburgaz,0.7715332401970971,0.8157068163343747,3045166.9345481573,5072516.169552904,3.267810191940884,0.46729341970557936
Bursa,0.7116813296427984,0.715581894615663,3236057.5973604624,4895048.440561675,3.5892874341413115,0.49733027791950324
Canakkale,0.7788107571821113,0.775435198695992,2939547.0016834987,4887166.776248487,3.365868997332235,0.5787655314121176
Uzhgorod,0.5700940695860159,0.8029639819563261,2476858.670150336,6212311.747813017,1.7156888602662672,0.1016445939680044
Kiev,0.4412861145285694,0.7599378231118934,3397092.3727420117,6521674.167715341,2.1318229979398176,-0.27979872808225625
Ivano-Frankivsk,0.5494506134893732,0.7997680597505155,2750637.825807315,6263805.550614016,1.878949689534199,0.006477484768401709
Khmelnytskyy,0.5132880777712461,0.7878613896784524,3005793.2306545763,6347267.991264452,1.996585280248023,-0.09824030918428406
Lvov,0.48671036228717607,0.7344857538522693,2675007.3637623647,6417749.631305822,1.670193957647406,-0.04320406479656569
Odessa,0.5996738214783317,0.8973812966338625,3418621.5622614315,5859222.79623232,2.793273755905259,0.013812219462153053
Ternopil,0.5094838334962025,0.7677436480964281,2847786.345422603,6366303.639213243,1.8549162507586958,-0.0653412796062165
Vinnytsya,0.5155668057529871,0.8133189435986047,3170557.2089777007,6313193.959964839,2.1581552857965813,-0.1261203463606142
Lutsk,0.4333725901210585,0.6778158054506083,2820101.1880623177,6576697.56856246,1.6285923974988128,-0.1531165105885437
Chernivtsi,0.5854236474267884,0.8442291308680354,2885579.3125469214,6157797.002154297,2.087281089861093,0.018926673167401376
Chernobyl,0.4116349939877411,0.6838617824824179,3350594.2214376605,6690465.2852641,1.9313232747239053,-0.34383871666305366
Zhytomyr,0.4639052606912466,0.7503407570298664,3190661.509014965,6488918.578222936,2.0028154522740267,-0.21078484763352634
Chernihiv,0.40572272729098463,0.6929798669475767,3484467.0410656543,6711095.359533545,2.015582044038664,-0.38831840961068975
Kovel,0.40079711602661583,0.6371961007362974,2751439.3261410263,6659786.418490361,1.4942212545551188,-0.17261911184119372
Rivne,0.44488501257378665,0.6963190788208272,2922448.327897652,6553752.875519179,1.7306865651426717,-0.16963129889521156
Uman,0.5200834728297001,0.8494874517370292,3363062.004406508,6233273.61147947,2.385961223455981,-0.14057487598058582
Drohobych,0.5197093450575487,0.7645533045025769,2615941.241947454,6333502.200199948,1.7061464764725933,0.010368035286801636
Voznesensk,0.5500072580071953,0.8864699718399586,3488007.0008728793,6032380.702987027,2.678839504818949,-0.08263581298023981
Korosten,0.43082186482917506,0.6982473911393406,3189303.411227288,6612524.742239137,1.8814683207150655,-0.26626778723568867
Kamyanets-Podilskyy,0.5585310657638002,0.828430516027412,2958972.252826925,6221462.496651448,2.0825238591609123,-0.029110200598927882
Izmayil,0.6804210160634516,0.9079339065047306,3210164.6838019458,5676838.671366042,2.808299853088828,0.1509535532779367
Bila Tserkva,0.4770530232995393,0.797151276905526,3354156.4451430477,6407279.9391190065,2.2096844327148624,-0.21684406719123972
Brovary,0.4435067595879042,0.7591714209159235,3426514.114158673,6532324.0760306,2.144389058700005,-0.29233711110833216
Illichivsk,0.606928917669106,0.8975366032993388,3413790.2963610017,5828555.457219464,2.819352714254679,0.028935193865524234
Andorra,0.6784293964205166,0.8978577705858505,168816.00778800048,5236173.783920941,0.8668315005059348,1.14879678395309
Berat,0.8863959826297549,0.9264523364451811,2223272.87012326,4969660.375061782,2.7273538860150635,0.7296188330415374
Korce,0.8775189526388282,0.9106725884631586,2311738.4694566755,4955968.339636025,2.8096250086545984,0.712569923361515
Librazhd,0.8890360760714019,0.9353021817688612,2267210.673139366,5041886.5261552585,2.6913095967782965,0.6854506563780118
Gjirokaster,0.8725463519358571,0.9014746850755353,2242976.41999367,4877428.993958394,2.8324660216607738,0.7661098809575173
Puke,0.8964484840330172,0.9601884500258181,2213398.8312898967,5165968.928471645,2.5286186470157155,0.6435288722205716
Kruje,0.8964677745251062,0.9509831423388666,2203791.959234438,5089198.0895471135,2.5958418107321664,0.6807335560669703
Tepelene,0.8780325623771459,0.9110046640411784,2230096.7549088867,4907196.471655306,2.7934595780090152,0.7560449700493836
Rreshen,0.8971507269670719,0.956347916669697,2205984.953203064,5128573.904155694,2.559231940347571,0.6623693976752456
Corovode,0.8808105502646215,0.9159450403645737,2252360.653067543,4941314.273586958,2.7776090642865654,0.7347847782608303
Shkoder,0.8994240022726859,0.9645550286710725,2172822.876895748,5171245.941112419,2.49185997981344,0.6518017088148391
Lushnje,0.8918944915163615,0.9371692636246539,2194775.080480182,5003495.701623468,2.672216625902628,0.721818152208499
Erseke,0.8731256296316949,0.9018157396994696,2302454.423924516,4914495.396611749,2.842749238853175,0.7337438417860911
Bajram Curri,0.8933244593248101,0.9627544053618134,2235662.7294485504,5211037.662905813,2.5021111141100336,0.6173215486690204
Durres,0.8980710212238389,0.9506557307924193,2164963.7208457417,5059330.705784515,2.594646395830119,0.7044240127683326
Burrel,0.8950237318189371,0.9506776212639432,2228170.927718162,5105119.657010668,2.599347562359587,0.6671380970706542
Kukes,0.8913578712682472,0.9549755417553015,2274702.474869751,5173420.56140108,2.5691446306947006,0.624061954425664
Gramsh,0.8866930625978496,0.9279126946504299,2248653.714024125,4992699.781911268,2.724713656604442,0.7125447292663005
Lezhe,0.8985388037644152,0.9582910034766927,2187873.272050997,5129275.582664702,2.5444335703894856,0.6668092103876817
Sarande,0.86894225072816,0.8962585088872194,2226389.8158654715,4848084.320316753,2.848096170771477,0.7837227231899262
Permet,0.8741755082380157,0.9038188325747689,2265574.2766247042,4900005.015466468,2.8281077911580685,0.7499760291922843
Pogradec,0.882779428594572,0.921841627086819,2300305.9577522054,4997602.8571676565,2.7601978797785045,0.6967639490488047
Elbasan,0.8908379544825752,0.937113906859374,2235718.3891939493,5030279.437781502,2.6780613277236354,0.6989652509355757
Peshkopi,0.8913876124420865,0.9467397580203364,2274624.5512261963,5113656.743096174,2.6272437105145325,0.6510809869664129
Fier,0.8900728039893779,0.9330254262969263,2178856.3932967447,4972597.926540775,2.689878740488309,0.7399571950689765
Tirana,0.8950451327572815,0.9461518875005721,2206229.856082808,5060768.514723913,2.625408360806362,0.6929364590084619
Vlore,0.8863235466739221,0.926188150601552,2170529.695385406,4935561.21005216,2.7194319271944174,0.7588755937253895
Eisenstadt,0.6282362279240721,0.8313668986871656,1840478.5371324308,6079166.565937235,1.349291180542938,0.3289305335568642
Innsbruck,0.6930969166606458,0.8560482620749786,1270155.3899512514,5987963.19290535,0.9935595602123959,0.5199200632574108
Bregenz,0.6731701554939574,0.8469450226119957,1087224.070730666,6026824.27775138,0.8131720785206253,0.5504089453772125
Salzburg,0.6382527512865662,0.8327297421897739,1451606.1599442875,6075386.489781807,1.0498981398460518,0.43277050523491045
Linz,0.5855168884944506,0.8073399178756734,1590621.9400469263,6160123.583254947,1.0757786843424544,0.3579794532171694
Wiener Neustadt,0.6300482700675554,0.8319992816852934,1808941.725390696,6076298.198334704,1.3275040270415044,0.33850906734899944
Graz,0.6968968129122615,0.8676507908250268,1715433.3531243466,5954782.271189215,1.37288186849083,0.4179631859831998
Klagenfurt,0.7391146973452835,0.8867411978569079,1592981.9132517446,5880316.102655979,1.3499156494844096,0.48376389268226694
Vienna,0.5947289076566382,0.8118626951964872,1821921.57801719,6140192.439289726,1.275440631714539,0.30623557331309037
Sarajevo,0.8768105876573231,0.975315602781914,2046386.1992527489,5442258.605045213,2.129581338102234,0.5625775097030647
Banja Luka,0.8459054634335897,0.9589260508628464,1912468.85182844,5587015.959454667,1.8843392888687491,0.5323544013958523
Tuzla,0.8482154195905832,0.9637578519459284,2079448.0880183512,5551032.3317162,2.049494122847876,0.5047552239238029
Zenica,0.8664544823709426,0.9708985104465682,1994845.2750154631,5499551.050520241,2.033657624813997,0.5502319541611085
Mostar,0.8946867071519493,0.9816385388412269,1983713.3259361363,5365474.6051115,2.1554597789728813,0.6137252387206984
Prijedor,0.8382401711652538,0.9530269696668691,1859035.496247669,5618436.394923554,1.8121183180605724,0.5321936624303252
Brussels,0.32310489024231953,0.7497853107909649,482380.749454493,6591859.227158039,-0.20808866010645133,0.4540062139324763
Arlon,0.44130393377788435,0.7826057622508182,647512.0820972342,6391608.56171419,0.11548424740267471,0.5011007188240741
Antwerpen,0.2908138510138507,0.7408487141759632,491475.55185230344,6660372.919741704,-0.267675378692096,0.42066622062168113
Liege,0.34954824014058083,0.7592774824752544,621162.7586264675,6556104.141366612,-0.06513203137361323,0.4337094290069494
Hasselt,0.3184968881106902,0.751287857143486,610476.0875103128,6614928.208345802,-0.13070607894240904,0.4099421149840552
Mons,0.35288100542299344,0.7567977294805369,438487.4742347045,6523876.472198091,-0.1761391748198715,0.4962457231407318
Gent,0.30165248012546303,0.740371693702779,411882.1159351121,6626602.091993363,-0.29684288805793724,0.45682652770643806
Namur,0.35940245779504426,0.7611393236999417,542125.9201632425,6528142.9201774,-0.09951943269297292,0.46709903773123296
Charleroi,0.3602375469055455,0.7604769778452042,495371.7340300678,6519402.563052458,-0.1274520119777911,0.4833269153088833
Brugge,0.2827776891102385,0.7309809266249379,359561.9552622739,6660372.919741704,-0.370483588867935,0.4553116224651026
Ruse,0.7861446503146529,0.9201371728965049,2891334.5302209333,5442829.764300806,2.7875446286746497,0.3404047234637164
Varna,0.752117134657623,0.876604388235755,3105290.5915256026,5344846.15458837,3.0496472890209163,0.3284764534503406
Sliven,0.7960070618109127,0.8859171323148867,2931042.192586892,5263299.877105551,2.9932026655012063,0.4110794324949798
Dobrich,0.7482293886467075,0.8884472104844436,3099134.6236847364,5401458.351338348,2.9897567969645413,0.3045184308201945
Lovec,0.8239632060534279,0.9225309532646395,2751706.49291893,5333000.4986010315,2.7856056358410135,0.42669207572313894
Plovdiv,0.8317769086739552,0.8955595557905217,2755602.6750966944,5184075.884291676,2.9335697749531375,0.49294614115885693
Shumen,0.7755073710845307,0.8938816111533235,2997767.095368381,5353159.31565891,2.957757709781855,0.3529606035754287
Razgrad,0.7804267421413232,0.9064164894789757,2953974.0076903063,5393608.54874058,2.8842635076351506,0.3461891738952527
Burgas,0.7691882786263072,0.8597794756923866,3058458.481748873,5238378.455459542,3.1167584059372357,0.3888735518183166
Montana,0.8428974940827091,0.9444739627480533,2586731.007563298,5375200.6787454365,2.615962739909811,0.4509566391261468
Kyustendil,0.8648911145924839,0.9308271170963194,2525961.6975392485,5203661.799431418,2.7355364847216683,0.5444103539703864
Vratsa,0.8420129481399737,0.9381568192840691,2622965.5018165084,5343990.809174863,2.674574687806366,0.4555393127454228
Stara Zagora,0.8132819884556864,0.88961509727449,2852305.9167488106,5224569.993599355,2.9695291517045557,0.4492548927366635
Pernik,0.8579264304803669,0.9337194727044735,2562875.2406862997,5252797.019944984,2.7164889572160513,0.5125184375211282
Pleven,0.8210040534930138,0.9292898708256438,2739951.15469116,5376702.618639031,2.7339147989252037,0.41003683913002575
Sofia,0.9692734523833259,0.9314315061624403,2595603.1709795217,5263890.44324272,2.7312001186458126,0.49891136686446824
Khaskovo,0.815660839471568,0.8739920184588968,2845693.538995691,5152564.670605728,3.0344484914625705,0.48352026863079267
Turnovo,0.8064598986048376,0.9082588112255872,2855957.19604683,5325101.583158158,2.8745414027296254,0.40288034512507576
Minsk,0.3113114665990559,0.45034850525527703,3068699.8749018563,7151240.192854466,1.263217916094356,-0.4779598929488227
Brest,0.3381131844346291,0.5676478958360159,2638271.931800584,6818226.972328171,1.2518349389160965,-0.21447337256409504
Lida,0.28008503244885374,0.4492254324233867,2814668.796911605,7149067.745608942,1.0673503389580459,-0.4102604997860606
Baranavichy,0.3182562389142406,0.4992077005200656,2895798.4418017417,7008342.414735456,1.2675279449254901,-0.3679948677236018
Mazyr,0.3861945162697223,0.6180560188937234,3258566.3983988636,6808447.121673965,1.744785141430822,-0.37296760971403353
Hrodna,0.2637312377015428,0.4677860589785178,2653199.875515961,7109388.885538871,0.9801217988688329,-0.3499276747575095
Pinsk,0.3635468545005316,0.5763443439584669,2904781.9247087613,6823284.534647328,1.4546204048340625,-0.2867535548864484
Maladzyechna,0.2906991538615819,0.4206892186205173,2990631.5160085317,7230765.893023593,1.1249832415426138,-0.4933823307789833
Barysaw,0.3132395610904574,0.4316309110027714,3171737.19558011,7213074.7092100335,1.2833461726507815,-0.5329553278246459
Polatsk,0.2930547257547695,0.35193163909967995,3204442.861975173,7457433.934971757,1.0710348273449002,-0.6519353999733815
Orsha,0.32538433918133103,0.4257200537422182,3386505.8891675714,7268358.344374479,1.3969284783640141,-0.6143361749501581
Babruysk,0.3492538574741421,0.5254503961464584,3249727.6308298763,7006449.913018703,1.5452079855850789,-0.46009485057107646
Homyel,0.37733972771956453,0.6118830039052436,3450904.2145914813,6878251.54200237,1.826754653350732,-0.45501710504663073
Mahilyow,0.3368676689763406,0.47478623608186543,3375730.162458784,7150956.796263869,1.5027809002307757,-0.5584694055450985
Vitsyebsk,0.3126650732868467,0.3740909501420265,3360212.2254422,7398575.400977604,1.2497140964613047,-0.6662566100279443
Glarus,0.7139402848731806,0.8630718477100419,1009300.4271753735,5950239.167201476,0.8269711243140963,0.6054722430097152
Zurich,0.6826660060984274,0.8511442467543001,951781.6462824892,6004321.824613644,0.7295121475212651,0.5961467301134382
Liestal,0.6683731843481909,0.846732662740635,861278.9002675572,6021271.420024494,0.6424832238246347,0.6122590530465288
Basel,0.6584192533712154,0.843438456068057,844914.9351209477,6037330.08236139,0.6141021382064746,0.609302265966527
Fribourg,0.7205497776736622,0.8664506946881313,795934.3591719075,5909489.863677087,0.7003377261251202,0.6799187606155446
Zug,0.7002268659233793,0.8578000678956628,944768.5183625128,5971340.528130502,0.7561425023019135,0.6128880828177286
Chur,0.7322302412128043,0.8707764840895816,1057535.1625360982,5917624.531129298,0.896302646621403,0.6075378177682462
Sarnen,0.7227173458296205,0.8665943865905203,917606.562608954,5925603.855582925,0.779482695190322,0.6406835618852567
Schwyz,0.7148283970585618,0.8634163583066242,962690.95638023,5945339.192693497,0.7954140202551274,0.619927203291446
Luzern,0.710166748241618,0.8616979603114518,921725.3837683044,5950304.518809332,0.7586550212463541,0.6284431738307763
Neuchatel,0.7016682872419945,0.8596229262046017,770664.8347618338,5941910.848506266,0.6490928295818952,0.6719091527053185
Altdorf,0.72673659450957,0.868150116859038,961577.7614722974,5922346.108388219,0.8169224107305819,0.6306067961801274
Biel,0.6915436596626647,0.8555558433529965,807066.3082512341,5969309.956032277,0.6507989503394072,0.6499711090612941
Geneva,0.7482282533089067,0.8788179718253984,683501.6734706997,5814065.968127321,0.7055749658175632,0.7525559160230006
Lausanne,0.7343816771625321,0.8723952072674286,740274.6137752684,5865757.439570724,0.699517419106197,0.7142933879270643
Bern,0.7146709177559187,0.8639218373874754,831222.6377533723,5928487.975579508,0.7093517873992861,0.6620682698317322
Stans,0.7193376052740307,0.8652323552290117,933224.6871672512,5933916.615134276,0.7835651877881338,0.6328263376859997
Saint Gallen,0.6813549466746257,0.8502422040023778,1042173.0728066269,6011393.836300864,0.7930774247735437,0.5692117774976553
Appenzell,0.689645952513989,0.853461240195031,1048262.2489530195,5996647.821500637,0.8121733312952397,0.5742741108811904
Herisau,0.6848329595993189,0.8516106340796,1033412.2288811968,6004864.355969811,0.792603806358132,0.5744624213285436
Frauenfeld,0.667394083602372,0.8450615307884051,1013897.9221451356,6035283.995190654,0.7477919288166044,0.565845396504411
Lugano,0.7964748678185102,0.8984532820607253,998168.4780960468,5780413.320768437,0.9835631972691559,0.6851154761946696
Bellinzona,0.7825175204451308,0.8921254826365514,1004101.8069553274,5811975.005393477,0.9574728007852364,0.6692990346428234
Sion,0.7654996775057417,0.8843424848955925,818643.5352937328,5818732.207563605,0.806358155801358,0.7149546579042885
Schaffhausen,0.6529836236501705,0.8402372401105186,961021.164018331,6058082.338767273,0.6843954305149955,0.5694335422172538
Aarau,0.6788475591825132,0.850163782407307,894340.7890331597,6005965.9635091685,0.6831450164882984,0.6104900821906187
Delemont,0.6749794361564128,0.8495260086008228,817641.6598765943,6002677.997532715,0.6265684858995026,0.632119470567186
Solothurn,0.6905240838582769,0.8548836186311914,839015.0021089041,5976746.781485171,0.6684612638868952,0.6382205788924615
Usti Nad Labem,0.35136010306536003,0.7021787848995187,1567489.749860085,6561897.431115587,0.6667597814226003,0.18255172710137169
Pardubice,0.41670431122070645,0.7165681497676948,1754395.17490199,6453275.351249498,0.9181331948808564,0.18253393274002416
Jihlava,0.47863523534294417,0.7497385850782259,1734725.020878819,6343076.014510823,1.010044743480102,0.2374830780055368
Liberec,0.34149497473467755,0.6868804660536043,1678697.9211625657,6585991.99809962,0.729983116541689,0.14245951144216118
Prague,0.4091045717849595,0.723219028384475,1610347.7538154956,6460714.450797626,0.7986289238167554,0.2170054809892905
Brno,0.50033814147208,0.7573006294486242,1849016.7420762754,6308933.743043185,1.1323450880761206,0.22288975486543983
Pizen,0.4431227436081576,0.7458811524705633,1487228.3969981358,6401438.486044961,0.7603596447319969,0.2761193662982122
Ceske Budejovice,0.5197571606506923,0.77483510003011,1609679.8368707346,6271468.493559984,0.982275139447716,0.30267359151442186
Ostrava,0.44921457090935174,0.7181670601118514,2031580.706977244,6416955.751527155,1.1695053870917294,0.12614227231655084
Olomouc,0.4620425802823267,0.7319358719238632,1920261.2161839688,6382443.230359118,1.1163336395196168,0.17097008107301281
Hradec Kralove,0.40099027428058304,0.7080894174926247,1760183.7884232418,6482028.139907379,0.894663520708451,0.16802442986837773
Zlin,0.5010431313580824,0.7540839409678908,1964789.0125012782,6314046.261973225,1.2175980872229903,0.19017406095800116
Berlin,0.11700232755032249,0.6546083634918278,1491848.155866057,6895029.109920199,0.28361701189054855,0.05192431825695332
Cologne,0.3260642960139444,0.7518987728542142,773670.4610132512,6608920.861329697,0.0023272396808087237,0.3697950665753029
Munich,0.611454888204579,0.8212326923401497,1288523.1059321407,6128492.838182359,0.8711166732609064,0.4516111366769682
Potsdam,0.19274025445273124,0.6622894312197037,1454945.7446680856,6872849.233024859,0.2764413291004111,0.0716361164014514
Kiel,0.06353276906130874,0.6782543751935075,1127666.4417358618,7232980.095244917,-0.3290924108851856,-0.005098898768941762
Wiesbaden,0.4123290217432773,0.7681031046965521,918385.7990445064,6460211.364875416,0.2598308833478633,0.3989676196513132
Magdeburg,0.21252893855224628,0.6885256632278186,1293532.4830178376,6823737.875799158,0.1984355052976463,0.13621549505575148
Bremen,0.14143170097868965,0.702442316441129,979611.5189808088,6997809.486403393,-0.2156216904331325,0.14002516729689551
Hannover,0.19407028629921177,0.7061524417113475,1081658.0961910023,6866757.73450172,-0.008556208097903806,0.17242715562261424
Dusseldorf,0.298591617971946,0.7457365247442316,754746.1475783959,6660372.919741704,-0.06249274825677098,0.351521600064979
Saarbrucken,0.4924948744493841,0.794006568422638,775896.8508291168,6317456.332885142,0.28770427825936995,0.5008807124562229
Schwerin,0.10147294986368316,0.6693452624823075,1270901.230539567,7101011.336738871,-0.08903407977965117,0.016899799679697125
Hamburg,0.1072412461133367,0.6867392447834402,1113194.9079327343,7085388.165495079,-0.19674025550023355,0.06537716386965364
Stuttgart,0.547985025659543,0.803451192371563,1024139.3152981156,6237614.107564599,0.5588739117340884,0.4717521117017558
Dresden,0.31347935554730216,0.6912303593061457,1530642.998407513,6630142.913981801,0.5716290543475493,0.1613988542680107
Erfurt,0.32013199565088796,0.7234569052629637,1227853.9834498076,6616006.462153601,0.34940438184559586,0.24730868114728288
Mainz,0.42241001321441396,0.7706388137946241,920968.4112309109,6443245.7006989075,0.2783539893514906,0.4059536430906241
Rostock,0.07789643461355074,0.6555003129005715,1352531.813138275,7183500.501536507,-0.10568967939645546,-0.0418042599872277
Kassel,0.28990465829356254,0.7295301054933998,1057535.1625360982,6674532.798473078,0.1597091260993162,0.26560118997950344
Dortmund,0.27045975214856055,0.73728589700008,829330.2064098875,6715585.518497572,-0.05809564102204323,0.3069905271057567
Duisburg,0.2794434617929691,0.7412162953695539,751406.5628545951,6697711.123236825,-0.1014315669722059,0.3355310017395232
Essen,0.2777564189535433,0.7402682104186102,781084.3391000847,6701282.8687736215,-0.08177777168551525,0.32612296553689557
Bonn,0.3464393962131521,0.756420098132385,788141.9948163759,6572001.53479776,0.049534222046448306,0.38267277279361434
Bielefeld,0.22475706361505113,0.7218268942144411,949555.2564666241,6805551.6578633115,-0.0519485470386476,0.2347723731573197
Lubeck,0.0872690926309808,0.6766001608130388,1187778.9667642287,7145649.712912046,-0.19725658762093,0.018565206219986585
Flensburg,0.045205011833887435,0.6789524336305209,1050110.1525001868,7319999.354721317,-0.47422043753312604,-0.02404107334498784
Emden,0.12762412557323866,0.7030434712790956,803359.3692078161,7051117.65163922,-0.4048630266895561,0.162233319958061
Wuppertal,0.2961792834262232,0.7441911707788553,798160.748987773,6665635.539174073,-0.03377851017381328,0.337741904515958
Munster,0.23139889058341903,0.7277167307426813,848254.5198447456,6794775.163248826,-0.12041104876157238,0.2662460315253923
Osnabruck,0.20457549817374296,0.7199492164047496,896121.9008858531,6850985.030689321,-0.1378063603891322,0.2282812283129867
Gottingen,0.2684645737768693,0.7208062803956792,1104289.348669273,6713867.874628899,0.15786812148680962,0.23555201396330538
Oldenburg,0.13968715947404267,0.7047982377033151,915046.2143207084,7007080.697010494,-0.27496370026441763,0.1527941003598121
Stralsund,0.07021243521800186,0.6389241377702319,1458285.3293918837,7227254.99032034,-0.0658497523867867,-0.08934533682620893
Braunschweig,0.2027651541763816,0.6999882919514081,1168854.653329373,6845455.502518217,0.08013181916167067,0.15914948313466581
Bremerhaven,0.11091718242998103,0.6969838225331616,955121.2310062872,7085463.113194358,-0.32000952791417614,0.10685931487800993
Freiburg,0.6213065718099632,0.8304791037134449,876073.2605939844,6106921.380890469,0.5706621679478499,0.5696807601672611
Karlsruhe,0.5240542705956451,0.7986558983571689,935083.7226634992,6274861.394006577,0.45321992282022183,0.4783147875953202
Heidelberg,0.4811786481282161,0.7849389919126211,968479.5699014792,6346429.428507236,0.40960010589466567,0.43721262647242076
Ingolstadt,0.5467100370751935,0.7958031281820095,1274608.1695829823,6235992.495014612,0.7556574640001426,0.4067022737163253
Passau,0.5626705809355561,0.7974890002427973,1499095.054716697,6201707.188449245,0.9639787323983944,0.36323223120332404
Rosenheim,0.6373310556389001,0.8319913780349836,1350672.7776420263,6081986.124751144,0.9648121697964749,0.45629794002683655
Augsburg,0.5908759704318624,0.8140424820502389,1213382.449646683,6165281.144871334,0.776754093399247,0.4547265804324305
Regensburg,0.5193361987073327,0.7828890064315629,1349192.2284144766,6278323.556333763,0.772590379627542,0.3679904917622103
Wurzburg,0.44132391584799746,0.7669688215424774,1107628.9333930712,6411780.1256478075,0.45445084261394797,0.37114438002973804
Coburg,0.3914148313711796,0.7449540600802905,1220796.3277335134,6492574.921756732,0.4640226729930772,0.30492302269165705
Hof,0.3850581145548926,0.7352093437114394,1326560.975936203,6501356.729392841,0.5379053211935236,0.27317808420633183
Ulm,0.5868860414522787,0.8144486641979931,1113194.9079327343,6173727.519613726,0.6904522269227202,0.47722385704204084
Nurnberg,0.4765243784673362,0.7719061428960677,1233419.9579894708,6351564.799961716,0.6110865634413969,0.36530952995909516
Furth,0.4745629120837052,0.7716601990663512,1224514.3987260095,6354990.127091222,0.6008125303934957,0.36610105349518296
Giessen,0.36125098061646443,0.7529271848342846,962913.5953618159,6547982.831314177,0.20911831855855922,0.3476218245174816
Mannheim,0.4725193716955546,0.7834349768584608,942876.087019028,6360199.303723972,0.3762454657681227,0.43771644896751916
Frankfurt,0.4106159700846247,0.7655246571226326,965696.5826316477,6463612.124257668,0.29339354022239217,0.3850057456306768
Koblenz,0.38396736482966676,0.7637463898291964,846028.1300288803,6507198.995533186,0.15771166991179442,0.39674455844296475
Chemnitz,0.33340227514890763,0.7079496028042033,1438247.8210490956,6591277.603245918,0.5374421284864876,0.2032228283680313
Cottbus,0.25032580999714027,0.6600691519134134,1595208.30306761,6758716.822551782,0.49682558578717106,0.08635778435295371
Jena,0.3235774888553951,0.7189596652083866,1289079.703386107,6608991.510466256,0.4039479492480105,0.2343975720075786
Gera,0.3292629409451881,0.7156390959142638,1343626.2538748134,6598400.921804966,0.4567657077019014,0.22485597010686353
Leipzig,0.2844833157730879,0.6979173797910364,1381474.880744524,6680837.919375699,0.40603896036949383,0.1776742422302675
Vejle,0.016269206552717547,0.6705324467205882,1061431.3447138623,7500702.551252491,-0.6412504335819698,-0.10864789938345076
Hillerod,0.011746657743149827,0.6531956331182064,1371088.7722535129,7545149.014799729,-0.44316931138952587,-0.2100543067510321
Kobenhavn,0.01820378480052088,0.649030362511851,1398562.422581293,7494698.2573639285,-0.3726607372825095,-0.194478555225023
Viborg,0.005276765970271239,0.6630382713549022,1046403.2134567716,7645161.465608773,-0.7935445264955518,-0.1699609026865101
Soro,0.021376546864917988,0.6602853279698765,1287599.154158557,7446360.183475817,-0.4121003721653702,-0.14349854962425912
Roskilde,0.01701281937742964,0.6548985951657476,1345106.8031023634,7489053.739516145,-0.4088288968559519,-0.17788919172498785
Odense,0.02207854428483646,0.6699230695902978,1155863.6687537986,7439966.611681722,-0.5085477955723023,-0.10601160229736006
Svendborg,0.032239716370634455,0.6697878911522229,1181845.6379049479,7375541.323023854,-0.425602311247248,-0.0837310242436371
Esbjerg,0.02703355899508002,0.6718181957434459,940649.6972031627,7453033.953095794,-0.6889936301856485,-0.0553916619634105
Aarhus,0.006098954747270305,0.6666406147798425,1136649.924642878,7589773.5889079515,-0.6693085142609698,-0.16864131930725934
Aalborg,0.00045778428606282944,0.6589742374404489,1103910.8624005779,7767009.781902915,-0.8673033678532356,-0.24011005471816826
Frederikshavn,0.0,0.6585524653600294,1172561.5923727886,7849284.717022113,-0.8938664683756059,-0.29530834459386357
Viljandi,0.22763874204219312,0.3895858178760415,2848665.769399872,8044153.229062827,0.22278404438940935,-0.8235481562612463
Tallinn,0.2202171471310773,0.475095193158361,2752708.368336068,8274766.245641222,-0.07642490486458708,-0.9025266257895304
Parnu,0.20743292690373846,0.4227914946906481,2728841.469509989,8046445.665698129,0.1271668415282905,-0.7931134703037097
Tartu,0.24720873930243933,0.3579316639555133,2973332.467139258,8048399.035620715,0.3158124569801224,-0.8582083154748599
Haapsalu,0.19279583310932827,0.482955729683194,2620616.6605607704,8168098.762582532,-0.0755673054290229,-0.8196469422804569
Kohtla-Jarve,0.26185492487672435,0.39078465920365524,3037163.0631601214,8267349.128246062,0.1524858183274418,-0.9738842609821372
Narva,0.27413246276479447,0.36251745984659495,3134790.256585821,8262452.212711178,0.23333805631941562,-0.9973125789496535
Vitoria,0.41553456302852965,0.8014213525640707,-297223.0404180417,5289168.115681344,0.4520471926622829,1.247255497139133
Santander,0.34631403029485214,0.7647450134213439,-423014.0650144388,5370068.331047045,0.27528174625503166,1.2437458576218243
Logrono,0.42961054251098807,0.8114160278333789,-270506.36262765486,5231705.6181064965,0.528789363733372,1.2661976420669192
Barcelona,0.7067813476134015,0.9206169217566946,243054.9761980336,5069043.782791095,1.0873347796259436,1.2048005887036726
Mataro,0.7230668680212039,0.9238965996462603,272732.7524435203,5092320.8042083215,1.0878121711661635,1.1864906077411521
Oviedo,0.2336463172887012,0.7025385448564228,-648992.6313247842,5365474.6051115,0.10363347461963368,1.3051714442877183
Toledo,0.31033504399246875,0.7797360372774121,-447136.99866934295,4846633.862922245,0.7658672423568582,1.486545250007746
Lorca,0.41312386307080773,0.8371511921848463,-189076.15511237446,4535528.354897039,1.2697453111906318,1.559312180575264
Zaragoza,0.5241451415924159,0.8563906345384086,-99074.34680601297,5108694.47561503,0.782106290458831,1.2767440608410303
Murcia,0.4487430521265376,0.8527295957162375,-125791.0245963998,4576600.868774604,1.2790970606601277,1.5241364704867721
Gijon,0.24255630125145808,0.705852887349087,-631181.5127978615,5392994.36360528,0.09073359936816683,1.2880614125868237
Linares,0.3163438029884296,0.7879167233156499,-404468.2378482815,4591200.001558412,1.0476998203366685,1.5907322178532952
Cartagena,0.4493213983727512,0.8531271259029243,-109093.10097740697,4523128.5206713835,1.3441479558393805,1.543907344241895
Vigo,0.10992187427217294,0.6078111601306666,-971819.1546252772,5193991.557680098,0.018915917609432675,1.4674258781672331
Valladolid,0.28197900697282235,0.7509690255974779,-528767.5812680506,5108694.47561503,0.44722047503373297,1.3895974373098974
Santiago de Compostela,0.12011869386633824,0.6100053317460856,-950790.902814429,5294164.983794547,-0.06218035952188039,1.4166492951386909
Merida,0.1910352394958713,0.7034526905815073,-705542.932647767,4709074.155026574,0.6983436630864626,1.6165554310616375
Cordoba,0.25971170984043745,0.7524789233616355,-530993.9710839159,4562487.679444513,0.9770324053958008,1.6369334843764964
Jaen,0.30568472070687247,0.7814205548056263,-423014.0650144388,4547041.614953807,1.0762191549826658,1.615551784472859
Albacete,0.4249606923741243,0.8393721331239659,-208167.4477834228,4721714.545097106,1.0736771991321827,1.4802158343422938
Guadalajara,0.36791413009343676,0.8030232023650842,-352504.29954597977,4958461.71083514,0.7307937163139968,1.4111724737130733
Burgos,0.34992047597322484,0.7781897275874177,-409655.72611924674,5213613.041147599,0.4379488728791081,1.3109168255547674
Leon,0.24278892084001186,0.7182557108270735,-620049.5637185349,5248260.503047942,0.24025872975605989,1.3505219059524634
Salamanca,0.22809700696972027,0.7244291044221542,-631181.5127978615,5007976.650476391,0.46541777843284393,1.4619948522732882
Tarragona,0.6503894393293825,0.9054760790098413,139149.3634915918,5030116.889387328,1.0442370081383645,1.2496754501751828
Badajoz,0.16599924137483624,0.680907522847232,-775896.8508291168,4704554.349378649,0.6479111157309356,1.6370748207261299
La Coruna,0.12746742789079624,0.6103424240314398,-937310.1124793645,5362336.864865777,-0.11801617597216651,1.3823117936115077
Ourense,0.13869584221332498,0.6397100995680625,-876084.3925430623,5210540.740698199,0.07742276560389971,1.4348062138088284
Bilbao,0.39969764429682747,0.7902375074148278,-326166.1080242911,5350102.143460671,0.37019150451413374,1.227329805744085
Pamplona,0.48128649011131946,0.8275174820947313,-183677.15980890128,5284614.020534911,0.5449722028688058,1.2194914710362963
Palma,0.6912984383150061,0.9333563155964917,295464.1924635073,4804272.187964513,1.3858457981173764,1.3106477137968477
Valencia,0.5209839579605409,0.8753603080743454,-44527.79631730949,4791383.696747762,1.1334121411512612,1.4057646494179092
Madrid,0.3344168394007308,0.7887587409698963,-410034.2123879449,4924240.587205196,0.719259849571789,1.4417415046574913
San Sebastian,0.4600261452154629,0.813776408887518,-220412.5917706821,5360867.8481713915,0.4421348258802027,1.1946915567212093
Alicante,0.4918267903638151,0.8696511046371078,-53834.10574762783,4629158.084292785,1.2840307945955134,1.4814949629196938
Castello,0.551803745058308,0.8830321272932289,-5565.9745396633325,4861641.820023333,1.0954049777584167,1.3637924151317162
Pori,0.20647311687692907,0.6856286464806348,2423970.780074453,8736624.547227478,-0.7820923395160451,-1.0248344578294875
Jyvaskyla,0.27617310593734684,0.6630632042629706,2866476.8879267946,8921129.656003075,-0.6167738354545182,-1.2244039616482416
Lahti,0.2555479742529622,0.5619305646615878,2857003.5992602864,8624422.684076643,-0.3354133199709448,-1.0878772495478142
Mikkeli,0.2854615617897889,0.5730139302307921,3037352.30629447,8786007.777722688,-0.3521050042677061,-1.208240281762194
Hameenlinna,0.23804801890792499,0.5965461356248735,2724210.578692991,8625134.388169412,-0.439599520800539,-1.053322393802536
Tampere,0.23648704759612157,0.6512674576786935,2643837.906340247,8741545.435835699,-0.6155254630788161,-1.0848027508979792
Lappeenranta,0.2885492484717696,0.48787555354820533,3137350.604874066,8641246.659213103,-0.13329444946179958,-1.1691070730554518
Kouvola,0.26832990942951923,0.5194675281055893,2973232.279597545,8597406.374363588,-0.2185380937249759,-1.106198474441113
Helsinki,0.2328445298555198,0.5203425504378274,2775651.315388563,8438937.492041793,-0.21830912021366178,-0.9827173746436593
Porvoo,0.24742976614605114,0.5142345687846903,2857126.0507001583,8489427.17549281,-0.2039455373690764,-1.0269245970614822
Turku,0.1915561148464219,0.6155244970824668,2477415.2676043017,8501494.520520847,-0.5116204864919824,-0.9326499416946366
Savonlinna,0.3036764628303595,0.5395168035618806,3215274.248429359,8827580.473304378,-0.2538966408966372,-1.2737498286119866
Klaksvik,0.3083434126953269,0.004327358831532457,-727918.1502972147,8915678.812430317,-3.4127978095198026,-0.2779201013450199
Torshavn,0.30737690039313487,0.0,-759198.9272101268,8866259.803049337,-3.3890841558348663,-0.24737935530790578
Lorient,0.315226710515175,0.6974066967393456,-374768.197704636,6065430.287304632,-0.36381640165399975,0.9169418919427477
Brest,0.2602648547346958,0.6450146649313622,-500381.1111157647,6172050.986527435,-0.5654732041621386,0.9017661324919106
Aix-en-Provence,0.8476775866844616,0.9379714380977769,606691.2248233401,5391459.078947856,1.0569764523173113,0.9636437027273299
Ajaccio,0.9272768185261543,0.9893009133388825,971629.9114909313,5150065.625029237,1.576309816508357,0.976847822609709
Marseille,1.0,0.9414116864440786,598342.2630138451,5356217.492603283,1.0847653369842316,0.9817569907971655
Rennes,0.36926094699701395,0.7322106023139934,-185903.54962476663,6123507.424977484,-0.27314120602566483,0.8411024306901047
Nantes,0.4079839224733595,0.755517400073715,-176997.9903613053,5976484.582537238,-0.12312368766460846,0.9051817141759937
Orleans,0.5122543406066794,0.800321258688838,211507.03250722078,6090300.910069001,0.06890007574010326,0.7517288644448556
Paris,0.5089140761660053,0.7819038199964541,259741.76786794554,6252273.36599637,-0.051132948923513055,0.6658888673921028
Clermont-Ferrand,0.683065640542307,0.8631348449029238,342864.0316432839,5745163.88451102,0.507148349789599,0.8731468099851556
Montpellier,0.7885812185326586,0.9177136369666679,430806.4293699674,5405347.314739736,0.9063833508930088,1.0035635004518326
Poitier,0.5234006119055703,0.8070049663387879,37102.7862813981,5874321.293893094,0.1431592581147898,0.8951036248284017
Bordeaux,0.5300977063593147,0.822810909903029,-66235.09702199648,5597937.886631572,0.3315873438963193,1.0471014005671693
Limoges,0.5997487060523897,0.8374904345839288,139149.3634915918,5753148.326952323,0.3406110933189508,0.9230428287429588
Dijon,0.6423192949322438,0.8417599722589031,559937.0386901653,5996171.50127895,0.4320556222906795,0.7027415980272775
Lille,0.3263175644817412,0.7443805124912484,342864.0316432839,6559614.740304915,-0.28544336712577945,0.5052150656178656
Lyon,0.7438688405731732,0.8809466694051754,537673.1405315119,5743567.855452993,0.6605280135665588,0.8227037275591855
Toulouse,0.6691334957282554,0.8811554199016812,161402.1297011671,5406823.39694857,0.6949838901084258,1.0736522324942288
Rouen,0.38240286881058666,0.7509070818241578,120225.05005673648,6348209.334935985,-0.25322786194671476,0.6591916362756698
Amiens,0.3740967890985574,0.755317177309206,256034.82882453033,6429044.709434452,-0.22604894707185785,0.5870052177380951
Besancon,0.6695938010890771,0.8494566553771469,671256.5294834403,5979697.064889861,0.5348458826840483,0.680947370855904
Caen,0.35958782550900087,0.7319794284527472,-38961.82177764616,6306106.148617185,-0.33631860389725965,0.7200203104808889
Vichy,0.678125996504356,0.8591146794771146,380345.30419337726,5799134.475969425,0.48383769412294697,0.8389213867222796
Biarritz,0.48639197885037666,0.8219638123990753,-173836.5168227755,5384292.666109889,0.4556382494872464,1.1718766882012357
Cherbourg,0.2998234285898048,0.6884741381514814,-183677.15980890128,6385949.976426473,-0.5268048724095475,0.7219581250978115
Reims,0.4590092446689623,0.7869591918241922,448617.5478968929,6317456.332885142,0.032635807443363696,0.586836392979142
Calais,0.288708334032488,0.7203418271623254,204082.02247130935,6612524.742239137,-0.44509448926166595,0.5177620419748434
Roanne,0.7052934299046728,0.8675829250138611,452702.9732090063,5785687.175369945,0.5533167702226827,0.8259924567979371
Dieppe,0.3477474569503042,0.7373146809766296,120592.40437635375,6434801.756186511,-0.3372099180388046,0.6199766495195256
Le Havre,0.3529429852440545,0.7319743853953818,11688.546533292998,6360987.816238628,-0.35025241382956107,0.6819246117083906
Brive,0.6390864443468939,0.8554493741327875,170686.17523332653,5645230.046118578,0.4702114798359185,0.9635126490311094
Beziers,0.763143774352212,0.9131904246086653,357335.5654464086,5365474.6051115,0.8879256433872174,1.040872344992756
St.-Brieuc,0.31280413372329313,0.692683669527589,-309835.5387249184,6193249.8543518465,-0.4375994732044868,0.8421451182514716
Angers,0.44326375772474036,0.7715548821981585,-58999.33012043416,6020777.273053046,-0.0742641393698138,0.8541814734822051
Le Mans,0.4418246438279108,0.7709602323298264,11131.949079326665,6106921.380890469,-0.10343868626755448,0.796846420743802
Arras,0.35183409527586806,0.7508181860577363,309835.5387249184,6495483.736455913,-0.2487746761980585,0.5428610346766947
Troyes,0.5387070742810937,0.8100425583215084,454562.00870525435,6163673.258957198,0.18692435631760063,0.6547473349263941
Nevers,0.6164352411873386,0.83603158818941,352515.4314950607,5939413.903279883,0.3256337464522705,0.7828586970067972
Auxerre,0.5698256161983393,0.8197467492696285,397032.0958632893,6073712.512769836,0.22963411008204027,0.7104969847037732
Tours,0.4997159155669011,0.7954927218587288,77912.51160621144,6004387.584181503,0.04838930840818634,0.8256274609243941
Bourges,0.5832666694286791,0.8254560173323306,267166.77790385694,5955746.759993355,0.2432219033586156,0.7978959785648851
Versailles,0.4548008575818504,0.7812639644234639,237477.86970928934,6241077.964617927,-0.05758961884639113,0.6767937642471074
Melun,0.4891521828354596,0.7936403583149052,296844.55414934363,6196040.013746058,0.032507585832953545,0.6815479633229642
La Rochelle,0.46519765597670765,0.787202252637993,-128017.41441226512,5807103.373113179,0.07988499291078277,0.9688363025877811
Agen,0.6140759126954835,0.8573444649385097,70498.63351938092,5496507.10075609,0.5368606482587586,1.057011854972406
Annecy,0.7679758701529036,0.8872630925798611,680907.9293352171,5764338.606003876,0.7519462286196168,0.7757016832357637
Grenoble,0.7991396372694431,0.9033231618732604,636747.4873375249,5649966.625444639,0.8288316746591757,0.8389678963648048
Saint-Etienne,0.7477588851620643,0.8850975673093371,487579.3696745391,5689535.576798868,0.674069021294712,0.8602695280121382
Toulon,0.8675861636573675,0.949894486910683,658877.8021072277,5332420.814165846,1.1551023249731438,0.9766083673633008
Nice,0.8877107361195664,0.9508990793067099,808736.1006131332,5421443.1863076035,1.1852628314516451,0.8970337745467294
Tarbes,0.5914142395992902,0.8611048617125767,9272.913583078602,5347550.173676355,0.6341028126817632,1.1403839440702899
Perpignan,0.7526265959941557,0.9183737419167056,322826.5233004931,5266419.697085063,0.9574270306902353,1.0946841879838702
Nimes,0.8034488216741672,0.9195960996373129,484239.78495074104,5439233.595469046,0.9150503798649057,0.9742216440934457
Strasbourg,0.5640637285790416,0.812581870818259,862726.0536478703,6203894.348272692,0.46588958683990533,0.5293782685181814
Metz,0.4992561172708378,0.7974979753659845,687954.4531024303,6295298.493363397,0.24072861422956837,0.5339875481545269
Mulhouse,0.6408841621945806,0.837819917546709,818198.2573305608,6065430.287304632,0.5659342018653248,0.6036246654488986
Nancy,0.5416195991875332,0.8092696812118625,690180.8429182956,6221361.329523825,0.31441652980968815,0.5668042535126752
Bastia,0.9323461751061378,0.984312866073171,1051969.187996435,5266904.42218479,1.525220105605844,0.902965310810472
Wick,0.18757799954102086,0.18607447000330202,-343242.51791197923,8058896.505001391,-2.279209892609866,0.008104976961337051
Oxford,0.20886063714980532,0.623005581424523,-139149.3634915918,6758716.822551782,-0.8548637935711199,0.5418644178723686
Edinburgh,0.1485227905087207,0.32655716072903773,-358348.5728126277,7548130.524997876,-1.7939254769950814,0.24281315759604505
Sunderland,0.12658592587887324,0.464438883144914,-153620.89729471647,7346355.1990484325,-1.438009014867161,0.2801969666763813
Swansea,0.1918017868909618,0.5381798018145639,-439711.98863343155,6733499.218799425,-1.0645695627766099,0.6321954711886377
Nottingham,0.16434645088188915,0.5731176598849064,-130243.80422813047,6977506.112657583,-1.060840334447101,0.4406864668905146
Reading,0.22479117701461465,0.6425688270615879,-109093.10097740697,6704856.179258977,-0.7790240667084181,0.5583023105581502
Kingston upon Hull,0.1395247249866987,0.5637884940666682,-36735.43196178083,7123026.048411891,-1.1295779381961042,0.35038843214225945
Coventry,0.18212835903926913,0.5875155024563238,-166979.23618991132,6876499.044446632,-0.9911743408735543,0.49596493932312136
Leicester,0.17585148334127412,0.5898626005352057,-126147.24696693623,6914849.053762976,-0.9966722416771985,0.4679161600745392
Norwich,0.18159254892817847,0.6560616188845744,144715.33803125515,6914922.416116939,-0.7856441101562357,0.3967444598577168
Bradford,0.1445263774142699,0.5115017905733674,-194809.10888822802,7132369.312295495,-1.261866773405261,0.38768358068535
Sheffield,0.15333694500046777,0.5427549341365657,-166979.23618991132,7051117.65163922,-1.1611063394657064,0.4170802180581048
Lerwick,0.20122801481730745,0.172246246140641,-128017.41441226512,8433209.721803233,-2.4757389896826547,-0.21751875234761453
Cambridge,0.19871644322904958,0.6436626086334125,12979.852626496704,6836441.769491723,-0.8119392119082134,0.46679705924363013
Carlisle,0.14191270975071696,0.40357025359944465,-326166.1080242911,7338611.304410125,-1.564947833564883,0.32901207536942767
Kirkwall,0.19804067635636816,0.16340411746490444,-328392.49784015643,8173257.735580209,-2.378928254184138,-0.047458376183698636
Blackpool,0.15063601856199096,0.4592806666956868,-339524.4469194831,7138101.2923742775,-1.38023029047267,0.4231017473944658
Bournemouth,0.24569550896983272,0.6446107735145792,-211507.03250722078,6573672.101475485,-0.7311781978741063,0.6444629887070525
Fort William,0.18582256125536337,0.19431619330527997,-569076.3688842935,7722704.982750445,-2.1280473734105723,0.21929331410548203
Dumfries,0.14825208035334234,0.36598876251561874,-395184.1923161221,7374899.760433741,-1.6540522892299858,0.3307453144225829
Luton,0.21059576127843255,0.6419513294858546,-46754.186133174815,6778529.062258933,-0.8021351642153105,0.5086477521314539
Bristol,0.2087575203062849,0.5946752376428662,-287571.64056626504,6701282.8687736215,-0.9146457352863937,0.6067916517450498
Penzance,0.20407551697874274,0.5442849202621632,-617823.1739026696,6469462.602574855,-0.9464322284702131,0.7982537716556735
Perth,0.15655260347617023,0.2881589826044148,-386278.6330526579,7638520.298823705,-1.9036568474335018,0.2093146505041359
Southend-on-Sea,0.237879257071242,0.6812800981981576,80150.03337115765,6719165.106882159,-0.6454603838401933,0.5021359255311908
Aberdeen,0.14713920935769756,0.3007191522926145,-231544.54085000878,7795026.999809429,-1.935369450577051,0.09797315208501178
Dundee,0.15081804005268876,0.3040520684854098,-333958.4723798198,7652634.633825992,-1.876616114060826,0.18919722356138058
Ipswich,0.21126133868449118,0.6730635738879076,130243.80422813047,6812846.590752248,-0.697586447269245,0.44665842281393564
Birmingham,0.17885135275759936,0.5711353084398598,-213733.4223230861,6886471.466534091,-1.037317464967436,0.5037392368614118
Stoke,0.16350904707900252,0.5367345008176339,-242676.48992933548,6983071.909906286,-1.153882313735732,0.4677010858734265
Leeds,0.14313889904555416,0.5162245511722977,-175884.79545337262,7138025.84458241,-1.252622632224642,0.3801579910037196
Bath,0.21354186321675694,0.6050851614247743,-261600.8033641936,6689448.5272460515,-0.8828883794960465,0.6053169625552868
Ayr,0.16230046666364137,0.29648533967298984,-513928.6931453058,7449774.864676305,-1.819462552813751,0.32810686683950685
Peterborough,0.18011714802211923,0.6185470650377897,-27829.872698319494,6905757.314067665,-0.9111998653898601,0.446201605228735
Southampton,0.24593656234342348,0.6524195707390932,-155847.2871105818,6603623.906655204,-0.7169471315226534,0.6163138164049693
Plymouth,0.2203170332791682,0.5852912385844122,-463089.08170001756,6513289.801569128,-0.8684895475542698,0.7378157322079804
Portsmouth,0.2556797497781357,0.6645988952184404,-120225.05005673648,6586044.837349793,-0.6720773142051835,0.6148995176950409
Exeter,0.22126496798830833,0.5942998317518147,-392957.8025002568,6568468.0833626995,-0.8675293637249171,0.6944696271280368
Manchester,0.1523707558143098,0.5085974277943097,-250246.2153032781,7076100.135461975,-1.2503132870586127,0.42766326774596264
Inverness,0.18466112382641356,0.19333375194335506,-471248.8003751664,7856195.251086334,-2.1817119655982777,0.13329535325737973
London,0.14560145961088333,0.6638975455185049,-12990.984575574726,6710219.083220742,-0.7093448681249548,0.5306396159342146
Brighton,0.2683902182980484,0.6858189628328345,-18924.313434855332,6591330.4764478775,-0.5982713266597317,0.5859063773764559
Glasgow,0.16132992870765947,0.28654569039158684,-473185.7595149691,7533452.770989972,-1.8691411964335805,0.2796044007218552
Cardiff,0.20103785506656435,0.570568098430886,-359005.35780830757,6710219.083220742,-0.9790147075254287,0.6215158206176805
Dover,0.2698504028553673,0.7060241439137233,144715.33803125515,6644977.86723705,-0.5229446336358228,0.5186930931549392
Greenock,0.16849430136986848,0.2614634599992482,-528767.5812680506,7545149.014799729,-1.9238417844764424,0.28891841868451396
Middlesbrough,0.12869249046340323,0.48914736069613524,-136922.97367572648,7280852.5086011235,-1.3612506610662516,0.3054026003221817
Scarborough,0.12757033702202483,0.5342286089009711,-47867.38104110749,7223440.570967522,-1.2359732223207924,0.3079493939990794
York,0.13777640572820005,0.5271126455011788,-120225.05005673648,7164552.400197406,-1.235058246969965,0.35355619020757345
Liverpool,0.15611327831498162,0.48730282311164896,-324830.2741347725,7060320.4483912,-1.2930849615899724,0.4543803499916086
Chester,0.15999375248404402,0.49874965984173353,-325052.91311635845,7020078.532642097,-1.254096619147691,0.4726182850895442
Newcastle,0.12818298702828212,0.45113962751533565,-178111.18526923796,7361943.745282003,-1.4722659346601716,0.27958683030693754
Londonderry,0.19103246993533282,0.20612988800931073,-816339.2218343128,7361943.745282003,-1.969675480146365,0.4472091783144383
Omagh,0.18678778724109935,0.2308260231455525,-812632.2827908975,7284618.101554007,-1.8915361472963053,0.48116779718989555
Belfast,0.17223461094218762,0.28926936195427655,-663464.1651279117,7284618.101554007,-1.7752804497134997,0.4419907183121028
Komatini,0.8145992102166758,0.8441436184148449,2829374.101645397,5032023.310138194,3.139035908339466,0.542261446008117
Athens,0.7674213540520655,0.7232905875295542,2641978.870843999,4577066.93150308,3.435733272097722,0.7970069206790908
Ermoupoli,0.7300758083195065,0.6646976392040399,2775562.2597959274,4502074.0713894535,3.612822970259364,0.795801322743559
Patra,0.8004580320292355,0.7836785125406858,2418972.5349378344,4611968.244315259,3.2279664116916718,0.8398098325435681
Lamia,0.8158964891551174,0.8023752477089523,2497341.4564562985,4707214.497800882,3.1963541034270158,0.7761993352819392
Tripoli,0.7658875320660182,0.7296116614910912,2491263.412258987,4510308.338735029,3.3832384898736856,0.8667488755875303
Mitilini,0.7522373042539898,0.7170216333612552,2956044.5502190627,4737497.785353928,3.5243785383282282,0.6420462861668899
Seres,0.8484767799108388,0.8787984778842823,2621540.612334354,5025034.931775915,2.983859570055895,0.6000032573624945
Polygyros,0.8397677715659493,0.8513232640547759,2610776.0175746446,4921463.613365792,3.0762616291237967,0.649619236210957
Thessaloniki,0.8535017234137527,0.8758684039585182,2547546.546804066,4967619.296440993,2.982066189162983,0.6453746076356826
Xanthi,0.8254291235523219,0.8552790152656985,2770029.6811035043,5033279.683740928,3.091562573808695,0.5572799190612225
Kerkira,0.8626934553940176,0.8872489368101489,2216894.2633008044,4810209.647419581,2.877553865054726,0.8033266569005031
Kavala,0.8323162121960885,0.8564282221760944,2716395.950439303,5003672.542073898,3.078575089703183,0.584741281516854
Alexandroupoli,0.8016583332909804,0.8217250644122022,2880325.0325814793,4990035.781288973,3.2196056580834815,0.5478478924910117
Katerini,0.8513050721429317,0.8656497646402442,2504966.84157564,4905591.432854936,3.0092443512831473,0.6845789763745276
Ioanina,0.855853385254918,0.8718901987709085,2321111.5705814674,4817799.123692964,2.951390907533778,0.772526748436837
Volos,0.8234688675400268,0.8145347858657068,2554782.3137056283,4774810.329851823,3.1753396029456598,0.7305765228063272
Larissa,0.8375084275570099,0.8385088587439925,2495782.9835851938,4812377.481408661,3.0927989892961256,0.7291008092044646
Piraievs,0.7666734125616362,0.7222592053640087,2638271.931800584,4572364.895692985,3.4374200685925773,0.8001046656150903
Agrinio,0.8178135215636423,0.8111027436845243,2383094.263055164,4667641.549547207,3.145825230604114,0.8240821374219891
Pirgos,0.7819944361140609,0.7610163507868407,2387803.0775157167,4534839.088705019,3.278733253832124,0.8828395219851317
Chalkida,0.7859912435218325,0.7523597066589093,2628520.3444070937,4645182.415504112,3.3589569071187517,0.7697701602744189
Hios,0.7397877480525827,0.6863899953676129,2909423.9474748406,4631557.300914568,3.591141430698132,0.7021496633983242
Sibenik,0.8961970801066784,0.9812496094805725,1770625.556659652,5423322.353302114,1.9330924814791008,0.6435570144348572
Slavonski Brod,0.8218224171534674,0.9489077628898307,2005487.4183353002,5646792.841561813,1.8986617361002982,0.4809198081542263
Rijeka,0.83036686384561,0.9378842576470039,1608566.6419628018,5673623.7088507535,1.5632067203509932,0.5730449600056478
Dubrovnik,0.9055639345541305,0.9815268439926607,2013925.4357374304,5260498.978448115,2.281164069547547,0.6532136179375776
Osijek,0.796478409014381,0.9374733765973272,2079448.0880183512,5708590.9239376625,1.8961642635504097,0.43357743920702063
Zadar,0.8862098524548714,0.9737312036278106,1698991.4643341794,5484046.784808332,1.818169077641584,0.6349382551567984
Split,0.8988640018760795,0.9835658613892884,1833432.013365215,5391520.48544805,2.0129896695568084,0.6414283432408774
Zagreb,0.7923824464108804,0.9240690161979932,1781111.8526923768,5748356.801602935,1.6249542716196883,0.49396718740787904
Karlovac,0.814884234382509,0.934694616223855,1730773.178955659,5698550.04768014,1.6341922963907622,0.5296884091175209
Pula,0.8598492060676972,0.9515480748397064,1541563.4404543315,5600874.618698924,1.5817836592917267,0.6235072055942066
Szolnok,0.6803654536077027,0.8739221545072523,2246360.5325137856,5972552.547109658,1.7693720564325073,0.270494221758665
Nyiregyhaza,0.620418223759164,0.8392544107623133,2417714.6246918705,6101083.931537589,1.7778369040555404,0.16742566696233396
Budapest,0.6563627435425782,0.8544151628693393,2124343.238655278,6024072.119373783,1.6241397983477004,0.2792662949344109
Bekescsaba,0.7152635440652441,0.9001716310108085,2348952.5752288653,5888699.498264828,1.9309307211726603,0.2814307296086178
Zalaegerszeg,0.7121650266935494,0.8813239221288814,1874620.2249587262,5916647.971408992,1.5340565935519397,0.3933821478557684
Szeged,0.7467145274809784,0.9148774771822628,2243087.739484461,5820567.197636006,1.914727569168122,0.3400138264382435
Kaposvar,0.7458696351045524,0.9049672993816512,1981486.936120271,5839357.548182817,1.6925602742842276,0.4002312743747969
Kecskemet,0.7024540300152554,0.8860994234948371,2192993.9686274887,5925766.774835778,1.7733103628787568,0.30564593799346973
Debrecen,0.6530441038518611,0.8620739070341602,2407840.5858585075,6029099.177456199,1.8401942180428534,0.20253838390282075
Miskolc,0.6091538338515063,0.8274722048997154,2313219.018684225,6123574.100327742,1.67451063255971,0.18471005547516972
Szombathely,0.6812684319618834,0.8625135914583336,1851098.4165541087,5978926.61647903,1.455117490234314,0.37142519601774504
Veszprem,0.6902510961442276,0.8719567172171189,1993843.3995983216,5956940.258404167,1.5877635158996037,0.34386750410246014
Salgotarjan,0.6072539684335798,0.8235957372547016,2207020.2244674414,6124340.904147102,1.590997293034719,0.21225538971928604
Szekesfehervar,0.6813389051500744,0.8681162530541923,2049180.3184716585,5973912.174858747,1.6143745041192776,0.3216668396466478
Gyor,0.6395430923663558,0.8400772363726776,1962562.6226854129,6057156.0151060335,1.4658584679573847,0.30681008861614245
Tatabanya,0.6522651883685548,0.8499318165299177,2051952.1737924118,6032314.730406034,1.5596996951666977,0.2945552371740616
Pecs,0.7645842576127572,0.9176412963811149,2028241.1222534429,5793242.750927294,1.7738757442404411,0.4087844532539773
Szekszard,0.7448603063536532,0.9080295847386918,2083121.631214529,5835647.875717001,1.775380421156247,0.3752140956093619
Eger,0.6251263475946482,0.8374966517490465,2269025.1808392964,6089404.318958604,1.6733204079332937,0.21175334453002304
Vac,0.6330740172804973,0.8393597029949831,2129898.081245864,6070945.3635521885,1.5828538138505008,0.2566321937624041
Sligo,0.19688528128066565,0.19920672277033769,-944356.636246578,7220905.007068145,-1.932193777382782,0.5445461664985651
Drogheda,0.17291008216002393,0.32464819918652255,-706633.863657541,7117173.296869931,-1.6459744610432097,0.5289726064202416
Dundalk,0.17415314835938386,0.3049698279737664,-714303.776573197,7170232.049575781,-1.7035867889156053,0.5070174858280474
Muineachan,0.18059941618348463,0.2659396420961201,-775529.4965094994,7217646.198160249,-1.7974452745882976,0.5016780806737908
Shannon,0.1876792116625296,0.2712452400802176,-986747.0983406577,6928395.776663121,-1.680572675413055,0.6878218007818329
Kilkenny,0.17779591401976189,0.34605097898413484,-807322.3430800571,6919343.735929358,-1.5319270659912618,0.6447875060319728
Donegal,0.19662422728121695,0.1930322814626109,-903546.9109217646,7294232.423071694,-1.971747673885722,0.5007020377757545
Ros Comain,0.18835708923951713,0.24850063460296098,-910960.789008595,7101011.336738871,-1.7894905518863586,0.5899376698324912
Cork,0.1812817445187684,0.33227134120317725,-945748.1298814924,6781811.758574573,-1.505969877170199,0.7432739241592601
Dublin,0.17211663574162958,0.3516337180856139,-695624.3660180866,7044851.663666102,-1.5670135118088355,0.5587527189381567
Waterford,0.1774941722145142,0.3743988549650642,-791693.0865726819,6846964.833028575,-1.4493099278220898,0.6733801704063662
Limerick,0.18572458205209935,0.2842004383732527,-959919.1010594764,6921215.733962751,-1.6526766647246953,0.6840193896736766
Douglas,0.1578821155891427,0.38085323880521926,-498711.3187538657,7198691.866618957,-1.563258583501315,0.437538065092272
Venice,0.8338499637033204,0.9286607985359847,1373125.918935029,5690852.265907369,1.3629474278733271,0.6270973478811164
Trento,0.793370756506109,0.9022122824363824,1237872.7376212017,5793242.750927294,1.157894063018115,0.616364498054224
Cagliari,0.8680313666469693,0.9817689196545636,1013452.6441819636,4753578.717156169,1.9947503416136714,1.1449783208999245
Rome,0.9403849199676435,1.0,1389634.5994196727,5145413.45664293,1.9066133520014477,0.8691659293357668
Trieste,0.8133371009811665,0.9248798632207912,1536208.9729471758,5724501.479995042,1.4573017743500705,0.5690645107795245
Palermo,0.838360547463863,0.9299212019189468,1486115.202090203,4597099.2010194715,2.5154044832393865,1.0915299141493762
Marsala,0.8239221103729653,0.9285933465372213,1384669.7501302906,4551971.716264438,2.4802582361589236,1.1385597905097815
Campobasso,0.9305280849753694,0.9947573334268318,1631498.457066219,5095742.083977577,2.143450659315393,0.8280827723074635
L'Aquila,0.9363928469014478,0.9977821416727415,1490567.9817219342,5213613.041147599,1.9189076473108182,0.8118476192533284
Civitavecchia,0.9416608600084325,0.9986720888356888,1313569.9913606285,5176030.761856725,1.8175360581454276,0.8753118140551481
Catanzaro,0.8601282905270409,0.9146988138636554,1847903.5471683424,4707414.752218774,2.690013149258599,0.9466753457193535
Genoa,0.8856702511458873,0.945846974365726,994083.0527839336,5529111.413652759,1.224936366015732,0.7997151985274447
Ancona,0.9138407117598218,0.9824112447620287,1502801.9937601152,5403809.979618885,1.7433501284012172,0.7227122133428066
Bologna,0.8878257312711517,0.954811068666381,1262363.025595723,5543209.633474163,1.4203032695973823,0.7228859971935813
Potenza,0.9131892726940644,0.975423397042265,1758736.635042929,4959679.293291426,2.3750260202110747,0.8561322709004968
Bari,0.914142709524552,0.9745069952083375,1878271.5042567456,5029200.758476047,2.4005311719505062,0.7933313552169237
Milan,0.8327694607489741,0.916513419049323,1024695.9127520849,5695819.354793288,1.0865611636118446,0.7163640831712317
Turin,0.8418736860933809,0.9202812681178794,853820.4943844089,5632611.342666177,1.0148992244129973,0.7897968006843539
Naples,0.9241153468055175,0.989905955734007,1585746.1463501826,4988770.268053385,2.2118939154169635,0.888424012375141
Florence,0.9156070096363467,0.9726490202553797,1252344.2714243291,5431459.557782474,1.5212458538406004,0.7760008801023601
Aosta,0.7987777545551541,0.8991046104084678,814302.0751527966,5738302.988786188,0.8812451643076642,0.752429138475128
Perugia,0.930333404352826,0.9888169319430363,1379248.4909286587,5328790.9780010665,1.7200630008951476,0.7890521074089367
Como,0.8101973656496974,0.9051051048824581,1010780.9764029236,5749953.689939638,1.0230349981165512,0.6955632382167547
Novara,0.8303780026086467,0.9144393148825216,959574.010638018,5692645.178123244,1.0388967279808945,0.7349014576228834
Asti,0.8554230867851375,0.927477917915658,913933.0194127758,5610508.142398378,1.0832585053484793,0.7839942402426581
Sassari,0.9085010966563603,0.9929650453298998,954008.0360983545,4972597.926540775,1.7352806505602416,1.061647791257303
Olbia,0.9225210636916785,0.9967235557526511,1059216.086847078,4999709.1395378215,1.7908920484724584,1.0217686466807328
Modena,0.8812834699270099,0.9489047598368013,1215608.8394625485,5566588.421489562,1.361113594551001,0.7246039101551927
Ferrara,0.870194528561033,0.9455597013495521,1292408.156160827,5598000.694448639,1.3903987318065578,0.6902429298488588
Ravenna,0.889161059492685,0.960105753281631,1360324.1774938034,5530732.222435231,1.508792823264744,0.7027944914221242
Treviso,0.8191240661249279,0.9201855653380193,1362550.5673096688,5727623.276760168,1.3189213099399693,0.6132633620100316
Verona,0.8373831841009401,0.9243822598366597,1223401.203818077,5691121.973115229,1.2459954718686452,0.6662987684755994
Udine,0.786615364105644,0.9075252176309956,1473870.058102941,5791573.873988144,1.3434450733138315,0.555136773347455
Bolzano,0.7603698295379471,0.8869009838587643,1264589.4154115885,5860904.517481932,1.1128701942739552,0.5787812081613168
Bergamo,0.8197713756232196,0.9109639890027511,1076459.4759709565,5732467.410748987,1.0912391712067802,0.6862131321381084
Salerno,0.9189798640403426,0.9842797317179474,1644177.7470675725,4965314.417554488,2.280259497103211,0.8836739906579054
Pescara,0.9316884242665326,0.996415613190928,1582818.4437423197,5229442.151601164,1.9753997168842305,0.7804683572271771
Arezzo,0.9237534844265731,0.981420194900038,1321918.9531701235,5382513.430939423,1.6231020495789688,0.7798396161984642
Siena,0.9280278611865761,0.9824565695571296,1263476.2205036557,5360347.627087627,1.5991250016904113,0.8052023439203073
Livorno,0.9214420303155068,0.9735961537883763,1146846.789999543,5396234.649649548,1.4733048159239015,0.8196214372517865
Pisa,0.9169528287603796,0.9704071889366694,1157722.704250044,5422290.304387222,1.4564247268240313,0.8049942626423792
Parma,0.8731714921030755,0.9416890425223474,1148817.144986583,5591722.070408053,1.2845997205235724,0.7307916496962239
Catania,0.8070967758333516,0.8808825169293487,1678697.9211625657,4509031.393076654,2.751199940356213,1.080735569416647
Messina,0.8367055042433456,0.9031814868259311,1731018.081835404,4607788.586206057,2.6958695548696654,1.0223803602708315
Reggio di Calabria,0.8327826272354512,0.898253898082759,1741192.68329391,4595684.217932425,2.7155787323014957,1.0251763340807045
Vibo Valentia,0.853517923528468,0.9133073586680226,1792243.8017717034,4674026.7796719065,2.679126026588661,0.9763768216924795
Crotone,0.8640902671841801,0.9135849437273272,1906157.0367004613,4733610.616413765,2.7099208114789675,0.9195417228353713
Foggia,0.9250375734347844,0.9892677035596734,1732131.2767433366,5080504.437422395,2.2367085578234676,0.8085365360056858
Barletta,0.9198466529759344,0.9827873832105718,1811168.1152065613,5059656.78801645,2.318594842925087,0.7971965485334644
Taranto,0.9025763683316136,0.9577080866504961,1918034.8263681037,4940098.969233945,2.5182314997911845,0.8231401562802696
Brindisi,0.9005933438241505,0.9526820359125402,1995958.469923396,4959429.896604919,2.5601499856616003,0.7939416868807903
Lecce,0.8938021783087566,0.9420115129205426,2020448.7578979144,4918453.673860736,2.6191131992363545,0.8060208174044332
Benevento,0.9261235004393806,0.9905871761263402,1641962.489200785,5032082.4299515225,2.2135569950953977,0.8540930572283272
Caserta,0.9270828311966522,0.9920138149333542,1596032.0672994803,5021195.682353359,2.1883552081426902,0.8710742250786576
